Campaign_ID,Campaign_Name,Start_Date,End_Date,Channel,Impressions,Clicks,Spend,Conversions,Active,CTR,CPC,Conversion_Rate,Cost_Per_Conversion
CMP-00001,Q1_Launch_CMP-00001,2023-11-17,2023-11-27,Instagram,62109,2311,,268.7024043938756,No,3.72,1.07,11.63,9.24
CMP-00002,Q4_Summer_CMP-00002,2023-01-23,2023-02-17,TikTok,83007,1748,,315.6343321411931,No,2.11,0.5,,2.78
CMP-00003,Q4_Summer_CMP-00003,2023-05-26,2023-05-28,Email,64199,2782,,174.79614557105737,Yes,4.33,1.27,,20.17
CMP-00004,Q3_Winter_CMP-00004,2023-06-17,2023-06-30,Google Ads,59612,944,534.24,14.099335152015149,Yes,1.58,0.57,1.49,37.89
CMP-00005,Q3_Winter_CMP-00005,2023-10-19,2023-11-12,,47002,1373,554.18,216.07512081102468,Yes,2.92,0.4,15.74,
CMP-00006,Q1_BlackFriday_CMP-00006,2023-02-17,2023-03-17,Facebook,24863,330,378.75,47.33907928024264,Yes,1.33,1.15,14.35,8.0
CMP-00007,Q1_Launch_CMP-00007,2023-06-08,2023-06-16,Google Ads,28436,775,1095.95,88.07364482552501,Yes,2.73,1.41,11.36,12.44
CMP-00008,Q4_Summer_CMP-00008,2023-02-25,2023-03-16,Instagram,74694,885,1550.56,145.9498800039671,No,1.18,,16.49,
CMP-00009,Q2_Winter_CMP-00009,2023-10-15,2023-10-21,,7446,91,148.4,15.435058803086212,Yes,1.22,1.63,16.96,9.61
CMP-00010,Q1_Launch_CMP-00010,2023-08-19,2023-08-23,,8905,289,507.86,35.171770643277924,Yes,3.25,1.76,12.17,14.44
CMP-00011,Q3_Winter_CMP-00011,2023-07-01,2023-07-12,TikTok,39968,674,1073.09,130.4367130248152,No,1.69,1.59,19.35,8.23
CMP-00012,Q1_BlackFriday_CMP-00012,2023-05-24,2023-06-19,,77554,989,1479.06,145.13107207677197,Yes,1.28,,14.67,10.19
CMP-00013,Q4_Summer_CMP-00013,2023-02-25,2023-03-17,TikTok,65875,3085,,427.60050173772487,Yes,4.68,0.32,13.86,2.29
CMP-00014,Q4_Summer_CMP-00014,2023-12-03,2023-12-18,Google Ads,59203,410,559.39,32.25475764031847,Yes,0.69,1.36,7.87,17.34
CMP-00015,Q4_Summer_CMP-00015,2023-08-25,2023-09-03,Google Ads,53646,1632,823.86,17.020340052290376,No,3.04,0.5,1.04,48.4
CMP-00016,Q4_Summer_CMP-00016,2023-04-27,2023-05-02,Instagram,11519,341,136.31,19.020675841603794,Yes,2.96,,5.58,7.17
CMP-00017,Q3_Winter_CMP-00017,2023-06-01,2023-06-09,Facebook,33513,545,308.42,84.55396848065493,No,1.63,0.57,15.51,3.65
CMP-00018,Q1_Launch_CMP-00018,2023-09-23,2023-09-28,,8410,213,362.01,30.85848966707244,No,2.53,1.7,14.49,
CMP-00019,Q1_BlackFriday_CMP-00019,2023-09-20,2023-09-26,Facebook,75936,679,,49.49516690453044,Yes,0.89,1.56,7.29,21.46
CMP-00020,Q3_Winter_CMP-00020,2023-06-18,2023-07-08,TikTok,75208,2817,5388.68,363.00077546220865,No,3.75,1.91,12.89,14.84
CMP-00021,Q3_Winter_CMP-00021,2023-04-21,2023-04-25,Email,26180,392,769.99,18.465011471159258,Yes,1.5,1.96,4.71,41.7
CMP-00022,Q2_Winter_CMP-00022,2023-08-29,2023-08-31,Instagram,29647,406,738.34,24.39624226441406,Yes,1.37,1.82,6.01,30.26
CMP-00023,Q1_Launch_CMP-00023,2023-08-29,2023-09-14,Google Ads,32086,615,323.47,116.85463577250674,Yes,1.92,0.53,,2.77
CMP-00024,Q1_BlackFriday_CMP-00024,2023-08-07,2023-08-16,Facebook,88985,4058,7277.01,359.15048534480206,No,4.56,1.79,8.85,
CMP-00025,Q4_Summer_CMP-00025,2023-01-27,2023-02-10,Email,49108,2005,3459.99,113.37802404814863,Yes,4.08,1.73,5.65,30.52
CMP-00026,Q4_Summer_CMP-00026,2023-06-22,2023-06-27,Instagram,76326,3633,,372.56620954555063,Yes,4.76,1.78,,
CMP-00027,Q3_Winter_CMP-00027,2023-08-13,2023-08-20,TikTok,45158,1550,864.69,129.47617659737932,No,3.43,0.56,8.35,6.68
CMP-00028,Q1_BlackFriday_CMP-00028,2023-12-13,2023-12-26,Facebook,69969,2437,1214.96,362.1638301637564,Yes,3.48,0.5,,
CMP-00029,Q3_Winter_CMP-00029,2023-07-11,2023-08-01,TikTok,53068,1411,2639.24,272.04370698914033,No,2.66,1.87,19.28,9.7
CMP-00030,Q3_Winter_CMP-00030,2023-05-06,2023-05-19,Google Ads,28221,1290,768.2,157.9348427345803,No,4.57,0.6,12.24,4.86
CMP-00031,Q3_Winter_CMP-00031,2023-07-22,2023-08-07,TikTok,87691,2454,2274.02,300.168287381206,Yes,2.8,0.93,12.23,7.58
CMP-00032,Q2_Winter_CMP-00032,2023-03-06,2023-03-22,Facebook,71039,1490,,118.18446540461804,No,2.1,1.08,7.93,13.56
CMP-00033,Q1_Launch_CMP-00033,2023-02-03,2023-02-11,Google Ads,77049,2605,1332.59,305.5140797811724,No,3.38,,11.73,4.36
CMP-00034,Q3_Winter_CMP-00034,2023-09-05,2023-09-14,Instagram,94840,2805,939.89,198.2363193410253,Yes,2.96,,7.07,4.74
CMP-00035,Q1_BlackFriday_CMP-00035,2023-12-26,2024-01-08,Facebook,25252,267,,2.7254009298651063,No,1.06,1.99,1.02,194.95
CMP-00036,Q1_Launch_CMP-00036,2023-11-05,2023-11-06,Instagram,9610,217,388.5,37.87914520777994,No,2.26,,17.46,10.26
CMP-00037,Q1_BlackFriday_CMP-00037,2023-08-02,2023-08-22,TikTok,58436,1116,2065.69,102.21932389402237,No,1.91,1.85,9.16,
CMP-00038,Q1_BlackFriday_CMP-00038,2023-01-15,2023-02-02,TikTok,32953,1420,1112.94,146.9654732675683,No,4.31,0.78,10.35,7.57
CMP-00039,Q2_Winter_CMP-00039,2023-12-27,2024-01-05,Instagram,43859,966,651.25,24.985758017274858,Yes,2.2,0.67,2.59,26.06
CMP-00040,Q4_Summer_CMP-00040,2023-06-14,2023-06-25,Google Ads,23849,1000,1023.97,169.05099754702448,Yes,4.19,1.02,16.91,6.06
CMP-00041,Q1_Launch_CMP-00041,2023-04-16,2023-04-26,Instagram,40147,999,,42.321679328370436,Yes,2.49,1.07,4.24,25.27
CMP-00042,Q4_Summer_CMP-00042,2023-11-22,2023-12-11,Google Ads,39628,1541,476.97,135.63576908045985,Yes,3.89,0.31,8.8,3.52
CMP-00043,Q4_Summer_CMP-00043,2023-09-30,2023-10-23,Google Ads,35380,392,636.89,66.50297794531788,No,1.11,1.62,16.97,9.58
CMP-00044,Q2_Winter_CMP-00044,2023-10-01,2023-10-05,TikTok,74362,3465,6910.37,336.03139868957055,No,4.66,1.99,,
CMP-00045,Q1_Launch_CMP-00045,2023-04-12,2023-04-24,Email,59468,1583,1897.66,295.8926879382483,Yes,2.66,1.2,,6.41
CMP-00046,Q1_BlackFriday_CMP-00046,2023-12-29,2023-12-30,Google Ads,47687,795,,39.56692553169518,Yes,1.67,0.96,4.98,19.29
CMP-00047,Q3_Winter_CMP-00047,2023-06-15,2023-06-29,Email,11715,185,179.02,26.990433972910214,No,1.58,0.97,,6.63
CMP-00048,Q1_BlackFriday_CMP-00048,2023-07-13,2023-07-21,Facebook,57287,969,448.97,189.74930817294964,Yes,1.69,0.46,19.58,2.37
CMP-00049,Q4_Summer_CMP-00049,2023-10-02,2023-10-12,Email,17914,385,,,No,2.15,0.75,11.44,6.58
CMP-00050,Q4_Summer_CMP-00050,2023-08-29,2023-09-12,Email,31758,1184,1365.89,167.55368983895264,No,3.73,1.15,14.15,8.15
CMP-00051,Q4_Summer_CMP-00051,2023-03-04,2023-03-14,,41783,1994,2062.08,,Yes,4.77,1.03,8.47,12.21
CMP-00052,Q1_Launch_CMP-00052,2023-04-21,2023-05-03,Email,14558,511,626.77,78.05734231394578,Yes,3.51,,15.28,8.03
CMP-00053,Q2_Winter_CMP-00053,2023-05-12,2023-06-04,Email,39254,1162,2025.84,212.28121419930892,No,2.96,,18.27,9.54
CMP-00054,Q3_Winter_CMP-00054,2023-12-12,2024-01-05,Instagram,27059,681,,97.77835982066797,Yes,2.52,0.68,14.36,4.76
CMP-00055,Q3_Winter_CMP-00055,2023-09-18,2023-09-19,Google Ads,85051,3594,1247.22,675.0482798536154,No,4.23,,18.78,1.85
CMP-00056,Q1_Launch_CMP-00056,2023-05-14,2023-05-25,TikTok,86038,3719,1357.37,,Yes,4.32,0.36,12.18,3.0
CMP-00057,Q3_Winter_CMP-00057,2023-09-26,2023-10-21,TikTok,954,17,8.98,2.03415393265661,Yes,1.78,0.53,11.97,4.41
CMP-00058,Q1_Launch_CMP-00058,2023-09-27,2023-10-13,Google Ads,60440,2895,-3676.13,196.51029482944088,Yes,4.79,-1.27,6.79,-18.71
CMP-00059,Q4_Summer_CMP-00059,2023-05-24,2023-05-30,Instagram,64234,1463,2448.94,211.8851537187976,No,2.28,1.67,14.48,11.56
CMP-00060,Q4_Summer_CMP-00060,2023-05-28,2023-06-15,TikTok,38109,1562,2823.42,277.36586940679183,No,4.1,1.81,17.76,10.18
CMP-00061,Q1_BlackFriday_CMP-00061,2023-11-23,2023-11-28,TikTok,47177,2288,3156.74,303.846589822769,No,4.85,1.38,13.28,10.39
CMP-00062,Q4_Summer_CMP-00062,2023-07-25,2023-07-26,Facebook,79095,2899,,,Yes,3.67,0.99,5.43,18.15
CMP-00063,Q2_Winter_CMP-00063,2023-02-24,2023-03-15,,38107,467,262.77,52.948801749255246,No,1.23,0.56,11.34,
CMP-00064,Q1_BlackFriday_CMP-00064,2023-09-20,2023-10-05,Email,6913,216,212.2,33.18367159168607,Yes,3.12,0.98,15.36,6.39
CMP-00065,Q3_Winter_CMP-00065,2023-08-04,2023-08-26,TikTok,37564,388,335.66,73.12986357241934,Yes,1.03,0.87,18.85,4.59
CMP-00066,Q2_Winter_CMP-00066,2023-07-05,2023-07-16,Email,25762,1043,1855.54,41.462639133488175,No,4.05,1.78,3.98,
CMP-00067,Q1_BlackFriday_CMP-00067,2023-09-22,2023-10-17,Facebook,38580,681,767.78,23.306848600163278,Yes,1.77,1.13,3.42,
CMP-00068,Q2_Winter_CMP-00068,2023-11-28,2023-12-11,Facebook,23395,848,580.48,75.0134615911258,No,3.62,0.68,8.85,
CMP-00069,Q1_Launch_CMP-00069,2023-05-01,2023-05-23,Google Ads,15412,708,560.0,23.977214516110415,Yes,4.59,0.79,3.39,23.36
CMP-00070,Q3_Winter_CMP-00070,2023-06-03,2023-06-06,Google Ads,98543,1295,688.94,254.1845339218844,Yes,1.31,0.53,19.63,2.71
CMP-00071,Q4_Summer_CMP-00071,2023-03-11,2023-03-14,Instagram,13322,302,562.2,27.366584594673245,Yes,2.27,1.86,9.06,20.54
CMP-00072,Q1_Launch_CMP-00072,2023-08-25,2023-09-17,Instagram,70756,2414,930.81,268.88580067568523,No,3.41,0.39,11.14,3.46
CMP-00073,Q3_Winter_CMP-00073,2023-05-27,2023-06-21,,71898,1717,552.6,91.25284689114078,Yes,2.39,0.32,5.31,6.06
CMP-00074,Q1_Launch_CMP-00074,2023-05-05,2023-06-02,TikTok,61969,797,487.03,,No,1.29,0.61,9.53,
CMP-00075,Q4_Summer_CMP-00075,2023-09-12,2023-09-22,Google Ads,91189,575,965.13,113.32781238358827,Yes,0.63,1.68,19.71,8.52
CMP-00076,Q3_Winter_CMP-00076,2023-05-29,2023-05-30,TikTok,996,23,27.37,2.3655628514736566,No,2.31,1.19,10.29,11.57
CMP-00077,Q2_Winter_CMP-00077,2023-06-19,2023-07-18,Email,30512,1043,,12.178637376675033,Yes,3.42,1.36,1.17,116.81
CMP-00078,Q2_Winter_CMP-00078,2023-06-10,2023-06-28,Email,18838,580,526.72,32.52653383361949,Yes,3.08,0.91,5.61,16.19
CMP-00079,Q3_Winter_CMP-00079,2023-04-05,2023-04-13,Instagram,57904,696,290.06,136.3508667824774,No,1.2,,,2.13
CMP-00080,Q4_Summer_CMP-00080,2023-02-15,2023-03-10,TikTok,63736,1611,2828.06,318.8536751798911,No,2.53,,19.79,
CMP-00081,Q1_BlackFriday_CMP-00081,2023-10-29,2023-11-25,Google Ads,89841,1942,1216.12,97.08774026396397,Yes,2.16,,5.0,12.53
CMP-00082,Q3_Winter_CMP-00082,2023-02-03,2023-02-12,Facebook,38282,663,,84.13481714569022,Yes,1.73,0.36,12.69,2.81
CMP-00083,Q1_Launch_CMP-00083,2023-04-29,2023-05-22,Email,23971,906,1153.88,22.299000013202043,Yes,3.78,1.27,,
CMP-00084,Q1_BlackFriday_CMP-00084,2023-09-01,2023-09-24,Instagram,92465,1750,772.79,209.4993461128392,No,1.89,0.44,11.97,3.69
CMP-00085,Q4_Summer_CMP-00085,2023-02-17,2023-03-04,TikTok,67462,1977,914.95,,No,2.93,0.46,3.39,13.64
CMP-00086,Q4_Summer_CMP-00086,2023-08-28,2023-09-16,Instagram,76590,3564,,590.0048373498623,No,4.65,1.66,16.55,
CMP-00087,Q1_Launch_CMP-00087,2023-09-25,2023-10-03,Google Ads,44775,1310,1487.81,246.96021441419865,No,2.93,1.14,18.85,6.02
CMP-00088,Q2_Winter_CMP-00088,2023-08-30,2023-09-26,Facebook,45014,1474,1047.37,63.18668546233811,No,3.27,,4.29,16.58
CMP-00089,Q4_Summer_CMP-00089,2023-04-22,2023-05-21,Email,39210,325,290.12,31.822476410730378,Yes,0.83,0.89,9.79,9.12
CMP-00090,Q1_BlackFriday_CMP-00090,2023-01-08,2023-02-06,Facebook,75076,977,1504.3,28.71224180684634,Yes,1.3,1.54,2.94,52.39
CMP-00091,Q3_Winter_CMP-00091,2023-11-20,2023-12-12,Facebook,21456,204,84.21,15.18506667414851,No,0.95,0.41,7.44,5.55
CMP-00092,Q1_BlackFriday_CMP-00092,2023-04-30,2023-05-02,Email,97552,3845,1914.88,86.00716474030263,Yes,3.94,0.5,2.24,22.26
CMP-00093,Q1_BlackFriday_CMP-00093,2023-10-21,2023-11-01,TikTok,18004,767,,46.22236552797965,Yes,4.26,1.35,,22.36
CMP-00094,Q2_Winter_CMP-00094,2023-03-14,2023-03-27,Email,46367,620,825.75,122.84834798311972,No,1.34,1.33,19.81,6.72
CMP-00095,Q1_BlackFriday_CMP-00095,2023-03-01,2023-03-29,Email,31804,472,921.9,8.720021013383318,No,1.48,1.95,1.85,
CMP-00096,Q2_Winter_CMP-00096,2023-10-12,2023-10-28,Google Ads,64431,1259,1179.35,218.0638141280822,No,1.95,0.94,17.32,5.41
CMP-00097,Q2_Winter_CMP-00097,2023-12-10,2023-12-26,Email,68228,2155,884.91,53.26295796141824,Yes,3.16,0.41,2.47,16.61
CMP-00098,Q4_Summer_CMP-00098,2023-11-11,2023-11-16,TikTok,91907,3031,3679.07,334.9540426611765,No,3.3,1.21,11.05,
CMP-00099,Q4_Summer_CMP-00099,2023-10-02,2023-10-26,TikTok,79027,2837,3929.78,,Yes,3.59,1.39,9.59,14.44
CMP-00100,Q1_Launch_CMP-00100,2023-04-01,2023-04-11,Email,25243,1154,620.07,215.79267475612662,Yes,4.57,,18.7,
CMP-00101,Q1_BlackFriday_CMP-00101,2023-11-30,2023-12-03,Google Ads,21062,384,476.11,18.362677952320137,No,1.82,1.24,4.78,25.93
CMP-00102,Q1_Launch_CMP-00102,2023-09-01,2023-09-30,TikTok,88712,3073,,,No,3.46,0.64,4.41,14.41
CMP-00103,Q1_BlackFriday_CMP-00103,2023-03-04,2023-03-10,TikTok,49043,1480,,225.33840170527446,No,3.02,,15.23,
CMP-00104,Q1_Launch_CMP-00104,2023-02-17,2023-02-18,Facebook,10205,191,,,No,1.87,,14.79,11.63
CMP-00105,Q4_Summer_CMP-00105,2023-11-14,2023-11-17,Google Ads,82584,3785,3899.95,540.6665702498963,No,4.58,1.03,14.28,7.21
CMP-00106,Q4_Summer_CMP-00106,2023-04-11,2023-04-25,Facebook,65020,604,1173.85,9.038347851942412,Yes,0.93,1.94,1.5,129.87
CMP-00107,Q4_Summer_CMP-00107,2023-10-07,2023-10-10,Facebook,3044,112,220.15,6.651942133506056,Yes,3.68,1.97,5.94,33.1
CMP-00108,Q4_Summer_CMP-00108,2023-02-20,2023-03-17,TikTok,78392,2959,1537.87,501.7874679414657,No,3.77,0.52,16.96,3.06
CMP-00109,Q3_Winter_CMP-00109,2023-04-13,2023-04-28,Instagram,60933,2814,2603.27,349.39480321807804,No,4.62,,,7.45
CMP-00110,Q4_Summer_CMP-00110,2023-04-14,2023-04-24,Instagram,61653,1747,2306.99,217.35656003863303,Yes,2.83,1.32,12.44,10.61
CMP-00111,Q2_Winter_CMP-00111,2023-04-13,2023-04-14,Email,86561,1685,748.52,111.58770122035045,Yes,1.95,0.44,6.62,6.71
CMP-00112,Q4_Summer_CMP-00112,2023-09-04,2023-09-18,TikTok,49805,2104,1999.88,125.04679388152549,Yes,4.22,0.95,5.94,15.99
CMP-00113,Q3_Winter_CMP-00113,2023-11-30,2023-12-05,Google Ads,46395,1841,1369.69,349.50543427990533,Yes,3.97,0.74,18.98,3.92
CMP-00114,Q3_Winter_CMP-00114,2023-11-29,2023-12-28,Google Ads,61926,1703,3267.18,252.50977557853392,No,2.75,1.92,14.83,12.94
CMP-00115,Q3_Winter_CMP-00115,2023-09-28,2023-10-07,Email,20179,798,797.76,27.215440781114612,Yes,3.95,,,29.31
CMP-00116,Q3_Winter_CMP-00116,2023-03-15,2023-03-29,Instagram,15590,265,,,Yes,1.7,1.6,18.82,8.48
CMP-00117,Q1_Launch_CMP-00117,2023-12-17,2023-12-18,,84455,2662,2548.6,321.17117538653577,No,3.15,,12.07,7.94
CMP-00118,Q1_Launch_CMP-00118,2023-07-17,2023-07-21,Google Ads,21949,964,505.21,70.69865113186025,Yes,4.39,0.52,7.33,7.15
CMP-00119,Q2_Winter_CMP-00119,2023-07-19,2023-07-26,TikTok,50682,978,1728.48,83.57645192997337,Yes,1.93,,8.55,20.68
CMP-00120,Q1_Launch_CMP-00120,2023-09-14,2023-09-16,TikTok,27354,731,219.82,108.06143244287514,Yes,2.67,0.3,14.78,2.03
CMP-00121,Q3_Winter_CMP-00121,2023-10-08,2023-10-30,,23430,1119,442.12,91.18932847497823,Yes,4.78,0.4,,
CMP-00122,Q4_Summer_CMP-00122,2023-12-14,2024-01-11,Facebook,59979,2454,2256.34,294.3855500370417,Yes,4.09,0.92,12.0,7.66
CMP-00123,Q4_Summer_CMP-00123,2023-08-01,2023-08-30,Facebook,80335,3608,5295.56,523.1416149424145,Yes,4.49,1.47,14.5,
CMP-00124,Q3_Winter_CMP-00124,2023-08-11,2023-08-19,Email,44469,993,874.73,46.79140074171633,Yes,2.23,0.88,4.71,
CMP-00125,Q1_BlackFriday_CMP-00125,2023-09-30,2023-10-23,Google Ads,14303,712,293.87,134.85698825889207,Yes,4.98,0.41,18.94,2.18
CMP-00126,Q3_Winter_CMP-00126,2023-04-04,2023-04-19,Email,24825,294,247.06,22.835811012381992,Yes,1.18,0.84,7.77,10.82
CMP-00127,Q1_Launch_CMP-00127,2023-04-23,2023-04-25,Google Ads,16875,478,342.47,42.867615437725355,Yes,2.83,0.72,8.97,7.99
CMP-00128,Q4_Summer_CMP-00128,2023-08-17,2023-08-20,Email,88339,2346,725.42,334.8157943334024,No,2.66,0.31,14.27,
CMP-00129,Q3_Winter_CMP-00129,2023-01-24,2023-02-09,,32293,1321,1597.3,166.00896958543493,Yes,4.09,1.21,12.57,9.62
CMP-00130,Q4_Summer_CMP-00130,2023-04-27,2023-05-10,Google Ads,37705,1730,862.06,161.9673904019082,Yes,4.59,0.5,9.36,5.32
CMP-00131,Q3_Winter_CMP-00131,2023-09-20,2023-09-21,Google Ads,7568,286,225.58,38.16698246994501,No,3.78,0.79,13.35,5.91
CMP-00132,Q3_Winter_CMP-00132,2023-12-23,2024-01-19,TikTok,44880,1490,2071.13,270.49069387364585,Yes,3.32,1.39,18.15,7.66
CMP-00133,Q1_Launch_CMP-00133,2023-07-09,2023-07-31,TikTok,91435,2215,3394.92,358.9493600652244,Yes,2.42,1.53,16.21,9.46
CMP-00134,Q3_Winter_CMP-00134,2023-05-26,2023-06-10,Facebook,41265,1153,862.3,,No,2.79,0.75,16.66,4.49
CMP-00135,Q4_Summer_CMP-00135,2023-06-10,2023-07-09,Email,65298,1823,1567.1,107.73492047546019,Yes,2.79,0.86,5.91,14.55
CMP-00136,Q2_Winter_CMP-00136,2023-09-08,2023-10-07,Instagram,18603,110,79.17,9.865530000320625,Yes,0.59,0.72,,
CMP-00137,Q4_Summer_CMP-00137,2023-07-18,2023-08-16,Facebook,14722,406,782.24,46.78160858719413,No,2.76,1.93,11.52,16.72
CMP-00138,Q1_Launch_CMP-00138,2023-01-09,2023-01-17,,73296,3189,1989.56,58.665659238134126,No,4.35,0.62,1.84,33.91
CMP-00139,Q2_Winter_CMP-00139,2023-07-16,2023-08-11,Instagram,7040,259,158.35,40.471473196368144,Yes,3.68,0.61,15.63,3.91
CMP-00140,Q3_Winter_CMP-00140,2023-05-27,2023-06-11,Email,45121,1841,,131.55427122615393,Yes,4.08,,7.15,14.79
CMP-00141,Q1_BlackFriday_CMP-00141,2023-09-13,2023-10-05,Instagram,32012,722,,45.98652998566634,Yes,2.26,0.62,6.37,9.76
CMP-00142,Q2_Winter_CMP-00142,2023-11-16,2023-12-11,Email,2117,60,33.98,3.555928906660069,No,2.83,0.57,5.93,9.56
CMP-00143,Q2_Winter_CMP-00143,2023-12-18,2023-12-23,,53355,347,,22.153194969144845,Yes,0.65,0.46,6.38,
CMP-00144,Q3_Winter_CMP-00144,2023-08-11,2023-08-24,Facebook,96419,2143,2975.11,159.05949920970454,Yes,2.22,1.39,7.42,
CMP-00145,Q1_BlackFriday_CMP-00145,2023-05-17,2023-05-13,TikTok,7380,194,,24.233833210687227,Yes,2.63,1.34,12.49,10.73
CMP-00146,Q1_BlackFriday_CMP-00146,2023-06-12,2023-06-21,Google Ads,81668,1346,1891.5,,No,1.65,1.41,12.09,11.63
CMP-00147,Q1_Launch_CMP-00147,2023-03-06,2023-03-18,Instagram,54148,346,558.66,20.270490681787287,Yes,0.64,,5.86,27.56
CMP-00148,Q2_Winter_CMP-00148,2023-12-08,2024-01-02,Facebook,72494,2614,2234.47,128.66268120284926,Yes,3.61,0.85,4.92,17.37
CMP-00149,Q1_BlackFriday_CMP-00149,2023-11-06,2023-12-02,Facebook,10106,248,461.61,41.417997916162335,Yes,2.45,1.86,16.7,11.15
CMP-00150,Q1_Launch_CMP-00150,2023-11-08,2023-11-20,TikTok,86974,2061,3187.23,56.91953180068837,No,2.37,1.55,2.76,56.0
CMP-00151,Q1_BlackFriday_CMP-00151,2023-04-30,2023-05-10,Instagram,1635,26,43.37,2.7933448355325816,Yes,1.59,,10.74,15.53
CMP-00152,Q2_Winter_CMP-00152,2023-04-28,2023-05-14,Instagram,90727,2649,4041.41,288.49349358820456,No,2.92,1.53,10.89,
CMP-00153,Q1_BlackFriday_CMP-00153,2023-11-09,2023-12-06,TikTok,65951,1629,1481.37,193.991083076265,Yes,2.47,0.91,11.91,7.64
CMP-00154,Q2_Winter_CMP-00154,2023-07-18,2023-08-16,TikTok,34080,897,700.7,159.91134925405316,Yes,2.63,0.78,17.83,
CMP-00155,Q3_Winter_CMP-00155,2023-09-15,2023-09-22,Google Ads,1206,37,,4.756114998866217,Yes,3.07,1.02,12.85,7.92
CMP-00156,Q4_Summer_CMP-00156,2023-07-04,2023-06-28,Instagram,61290,323,150.18,62.98190423464119,Yes,0.53,0.46,19.5,2.38
CMP-00157,Q1_Launch_CMP-00157,2023-06-11,2023-07-02,Facebook,9199,421,449.28,73.90953313706471,Yes,4.58,1.07,17.56,6.08
CMP-00158,Q3_Winter_CMP-00158,2023-08-19,2023-08-28,Facebook,61076,500,186.67,25.400324651285096,No,0.82,0.37,5.08,7.35
CMP-00159,Q3_Winter_CMP-00159,2023-10-24,2023-10-30,TikTok,77427,1958,600.53,109.30501507001654,Yes,2.53,0.31,5.58,5.49
CMP-00160,Q4_Summer_CMP-00160,2023-05-02,2023-05-03,Google Ads,27096,388,730.82,29.296749299666374,No,1.43,1.88,7.55,24.95
CMP-00161,Q1_BlackFriday_CMP-00161,2023-10-23,2023-11-04,TikTok,24252,692,,58.39631529473566,Yes,2.85,1.47,8.44,17.44
CMP-00162,Q4_Summer_CMP-00162,2023-03-31,2023-04-12,Instagram,22584,397,498.29,45.68242192480947,Yes,1.76,1.26,11.51,10.91
CMP-00163,Q3_Winter_CMP-00163,2023-05-28,2023-06-14,Google Ads,22871,999,878.99,54.12322285005408,Yes,4.37,,5.42,16.24
CMP-00164,Q3_Winter_CMP-00164,2023-11-30,2023-12-06,Instagram,11833,270,342.88,14.10630779113618,Yes,2.28,1.27,5.22,
CMP-00165,Q3_Winter_CMP-00165,2023-12-15,2024-01-05,Google Ads,25345,855,1552.41,70.50679857444453,Yes,3.37,1.82,8.25,22.02
CMP-00166,Q1_BlackFriday_CMP-00166,2023-12-04,2023-12-24,Google Ads,66101,1070,1507.68,147.32229891615248,No,1.62,1.41,13.77,10.23
CMP-00167,Q2_Winter_CMP-00167,2023-04-26,2023-05-10,Facebook,30600,179,237.04,25.19315210140137,No,0.58,1.32,14.07,9.41
CMP-00168,Q1_Launch_CMP-00168,2023-11-04,2023-11-10,Email,78201,1813,1962.3,354.3729334416786,No,2.32,,19.55,5.54
CMP-00169,Q2_Winter_CMP-00169,2023-12-08,2023-12-23,Instagram,82019,2390,2121.57,115.81684854389577,No,2.91,0.89,4.85,
CMP-00170,Q1_Launch_CMP-00170,2023-12-24,2024-01-13,Instagram,76214,1957,2911.1,165.64681843498113,Yes,2.57,,8.46,17.57
CMP-00171,Q1_Launch_CMP-00171,2023-01-08,2023-01-19,Facebook,54183,2616,5147.42,505.6433035756306,Yes,4.83,1.97,19.33,10.18
CMP-00172,Q1_Launch_CMP-00172,2023-09-29,2023-10-07,Email,31969,1176,1201.98,165.93555346119098,Yes,3.68,1.02,14.11,7.24
CMP-00173,Q4_Summer_CMP-00173,2023-12-30,2024-01-14,Facebook,93024,4633,4478.95,567.6950170450788,No,4.98,0.97,12.25,7.89
CMP-00174,Q4_Summer_CMP-00174,2023-10-07,2023-10-18,Email,20923,382,,,Yes,1.83,,11.25,
CMP-00175,Q4_Summer_CMP-00175,2023-03-27,2023-04-08,Email,46718,1892,1936.32,46.06447145138151,Yes,4.05,1.02,2.43,42.03
CMP-00176,Q3_Winter_CMP-00176,2023-10-06,2023-10-17,Facebook,45634,1369,2716.18,246.06546141110647,No,3.0,1.98,17.97,11.04
CMP-00177,Q4_Summer_CMP-00177,2023-02-08,2023-02-17,Facebook,74686,2429,,312.9669119662263,Yes,3.25,,12.88,11.65
CMP-00178,Q1_Launch_CMP-00178,2023-06-25,2023-07-16,Facebook,54907,2710,2467.76,321.45154834214475,No,4.94,0.91,11.86,7.68
CMP-00179,Q1_BlackFriday_CMP-00179,2023-08-17,2023-08-31,Email,80051,2756,2567.36,310.06395977704966,Yes,3.44,0.93,11.25,
CMP-00180,Q3_Winter_CMP-00180,2023-06-16,2023-06-30,Email,91949,4178,4313.18,352.8893360556449,No,4.54,,8.45,12.22
CMP-00181,Q1_BlackFriday_CMP-00181,2023-09-13,2023-10-02,Facebook,39367,1482,537.09,86.52848379340018,No,3.76,,5.84,6.21
CMP-00182,Q1_Launch_CMP-00182,2023-03-29,2023-04-09,TikTok,87544,939,1124.25,144.14699540352532,No,1.07,1.2,15.35,
CMP-00183,Q3_Winter_CMP-00183,2023-08-10,2023-08-13,Email,17383,634,1064.71,67.7225031895698,Yes,3.65,1.68,10.68,
CMP-00184,Q4_Summer_CMP-00184,2023-08-24,2023-09-18,Google Ads,91647,2455,3493.38,40.38109483630681,Yes,2.68,1.42,1.64,86.51
CMP-00185,Q3_Winter_CMP-00185,2023-08-20,2023-08-22,Email,18209,843,537.26,72.35296602850738,Yes,4.63,,8.58,7.43
CMP-00186,Q3_Winter_CMP-00186,2023-04-16,2023-05-03,,85101,3515,5404.87,655.3179397871188,Yes,4.13,1.54,,8.25
CMP-00187,Q1_Launch_CMP-00187,2023-04-22,2023-04-30,Google Ads,39329,380,578.77,30.795187343250294,Yes,0.97,1.52,8.1,18.79
CMP-00188,Q2_Winter_CMP-00188,2023-04-05,2023-04-12,Google Ads,96475,1063,793.33,,Yes,1.1,0.75,8.85,8.43
CMP-00189,Q2_Winter_CMP-00189,2023-06-18,2023-06-20,Google Ads,13354,108,146.76,13.88368224508933,Yes,0.81,1.36,12.86,10.57
CMP-00190,Q2_Winter_CMP-00190,2023-08-02,2023-08-29,TikTok,46817,1273,1704.05,206.63108479894746,Yes,2.72,1.34,16.23,
CMP-00191,Q4_Summer_CMP-00191,2023-05-13,2023-05-26,Google Ads,90237,779,,106.72893003147446,No,0.86,1.73,13.7,12.61
CMP-00192,Q4_Summer_CMP-00192,2023-05-30,2023-06-09,Google Ads,5223,196,104.14,33.61603818701853,Yes,3.75,,17.15,3.1
CMP-00193,Q4_Summer_CMP-00193,2023-04-15,2023-05-07,Email,26868,802,506.24,25.38683805326161,Yes,2.98,0.63,3.17,19.94
CMP-00194,Q2_Winter_CMP-00194,2023-03-21,2023-03-23,Google Ads,8814,375,422.31,69.62721942395373,Yes,4.25,1.13,18.57,
CMP-00195,Q1_BlackFriday_CMP-00195,2023-08-28,2023-09-14,Email,32466,571,214.15,,Yes,1.76,0.38,18.17,2.06
CMP-00196,Q1_Launch_CMP-00196,2023-10-25,2023-11-09,Facebook,39332,1115,,121.13162806815677,No,2.83,1.01,10.86,9.26
CMP-00197,Q2_Winter_CMP-00197,2023-04-17,2023-05-04,Facebook,62079,638,1046.3,82.11125406456452,Yes,1.03,1.64,12.87,12.74
CMP-00198,Q1_Launch_CMP-00198,2023-11-11,2023-11-15,Instagram,26139,1171,647.35,59.05877553930988,No,4.48,0.55,5.04,
CMP-00199,Q2_Winter_CMP-00199,2023-07-28,2023-08-25,TikTok,16289,209,,19.877992762240954,No,1.28,1.08,9.51,
CMP-00200,Q1_BlackFriday_CMP-00200,2023-03-03,2023-03-10,Email,17409,167,331.1,8.101777641985645,No,0.96,1.98,4.85,40.87
CMP-00201,Q2_Winter_CMP-00201,2023-06-03,2023-05-14,Email,93871,1335,1548.69,,No,1.42,1.16,1.42,81.84
CMP-00202,Q1_BlackFriday_CMP-00202,2023-01-03,2023-01-25,Facebook,95343,3935,,772.7221788851908,No,4.13,1.15,19.64,5.84
CMP-00203,Q3_Winter_CMP-00203,2023-01-15,2023-01-25,Instagram,22529,219,273.74,12.973086518701633,Yes,0.97,1.25,,21.1
CMP-00204,Q4_Summer_CMP-00204,2023-05-03,2023-05-07,TikTok,19944,651,401.15,79.87156672757325,Yes,3.26,,12.27,5.02
CMP-00205,Q3_Winter_CMP-00205,2023-06-15,2023-06-24,Instagram,5892,227,124.89,15.219799041988034,No,3.85,0.55,6.7,8.21
CMP-00206,Q2_Winter_CMP-00206,2023-10-19,2023-11-12,,95958,3723,5403.95,299.39661548825535,Yes,3.88,,8.04,18.05
CMP-00207,Q4_Summer_CMP-00207,2023-02-19,2023-03-18,TikTok,70761,959,932.92,82.06613358927629,Yes,1.36,0.97,,11.37
CMP-00208,Q1_BlackFriday_CMP-00208,2023-11-03,2023-12-01,Email,76203,592,469.36,43.606056339408745,Yes,0.78,0.79,7.37,10.76
CMP-00209,Q2_Winter_CMP-00209,2023-03-27,2023-04-03,Facebook,29412,741,261.84,97.14951211746956,Yes,2.52,0.35,13.11,2.7
CMP-00210,Q4_Summer_CMP-00210,2023-02-20,2023-03-10,,64274,907,1576.63,174.6681474933015,Yes,1.41,1.74,19.26,9.03
CMP-00211,Q2_Winter_CMP-00211,2023-09-13,2023-09-18,Instagram,6451,235,,21.488537122778304,Yes,3.64,0.35,9.14,3.88
CMP-00212,Q4_Summer_CMP-00212,2023-10-10,2023-10-31,Email,67763,1426,2245.91,277.97314261526265,Yes,2.1,1.57,19.49,8.08
CMP-00213,Q4_Summer_CMP-00213,2023-08-09,2023-08-22,Facebook,58175,1467,1392.74,200.80512396511142,Yes,2.52,0.95,13.69,6.94
CMP-00214,Q3_Winter_CMP-00214,2023-02-12,2023-03-05,Email,33481,338,,42.370286444249196,Yes,1.01,1.32,12.54,10.51
CMP-00215,Q4_Summer_CMP-00215,2023-02-12,2023-03-04,,71191,2174,,119.67811702406314,No,3.05,0.72,5.5,13.1
CMP-00216,Q2_Winter_CMP-00216,2023-05-23,2023-06-21,Facebook,64819,865,488.02,18.991018014563238,Yes,1.33,0.56,2.2,25.7
CMP-00217,Q1_Launch_CMP-00217,2023-06-14,2023-06-29,Google Ads,44180,1570,1894.61,269.83214197805256,No,3.55,1.21,17.19,7.02
CMP-00218,Q1_Launch_CMP-00218,2023-12-31,2024-01-10,Google Ads,19075,156,231.28,18.572798735308133,Yes,0.82,,11.91,12.45
CMP-00219,Q3_Winter_CMP-00219,2023-04-15,2023-05-01,Facebook,2844,139,87.9,,Yes,4.89,0.63,8.87,7.13
CMP-00220,Q1_BlackFriday_CMP-00220,2023-03-12,2023-03-17,Facebook,93801,3358,,,No,3.58,1.04,16.43,6.34
CMP-00221,Q1_Launch_CMP-00221,2023-12-12,2023-12-16,Email,28495,375,395.97,25.878852258633962,No,1.32,1.06,6.9,
CMP-00222,Q3_Winter_CMP-00222,2023-02-26,2023-03-14,TikTok,30528,172,114.75,27.328611924919443,No,0.56,,15.89,4.2
CMP-00223,Q4_Summer_CMP-00223,2023-01-10,2023-02-03,Facebook,68266,1368,,98.92436009867475,No,2.0,1.26,7.23,17.43
CMP-00224,Q2_Winter_CMP-00224,2023-06-04,2023-06-20,TikTok,25891,307,168.26,56.78499960295486,No,1.19,0.55,18.5,2.96
CMP-00225,Q4_Summer_CMP-00225,2023-05-27,2023-06-19,Email,37887,561,654.45,34.17258914835058,No,1.48,1.17,6.09,19.15
CMP-00226,Q2_Winter_CMP-00226,2023-08-15,2023-08-21,Email,71260,3154,1554.4,113.9706804977375,No,4.43,,3.61,13.64
CMP-00227,Q1_BlackFriday_CMP-00227,2023-11-17,2023-12-01,Google Ads,59739,1920,2160.81,273.86567920586543,No,3.21,1.13,14.26,7.89
CMP-00228,Q3_Winter_CMP-00228,2023-12-07,2023-12-25,Facebook,65816,851,706.09,34.84077234804279,Yes,1.29,0.83,4.09,20.27
CMP-00229,Q3_Winter_CMP-00229,2023-04-16,2023-04-27,,964,28,29.93,5.330611427537403,Yes,2.9,1.07,19.04,5.61
CMP-00230,Q1_Launch_CMP-00230,2023-12-24,2023-12-25,Email,45404,749,776.99,100.78204804405952,Yes,1.65,,13.46,7.71
CMP-00231,Q3_Winter_CMP-00231,2023-08-19,2023-08-22,Instagram,47789,2338,4310.07,,Yes,4.89,1.84,5.39,34.23
CMP-00232,Q1_BlackFriday_CMP-00232,2023-01-26,2023-02-22,Google Ads,63428,410,464.49,20.3669949808349,No,0.65,1.13,4.97,
CMP-00233,Q1_Launch_CMP-00233,2023-12-09,2023-12-27,Facebook,15570,590,997.95,109.46639188539926,Yes,3.79,,18.55,9.12
CMP-00234,Q4_Summer_CMP-00234,2023-02-20,2023-02-28,Google Ads,16369,651,,,Yes,3.98,0.68,12.55,5.45
CMP-00235,Q3_Winter_CMP-00235,2023-08-03,2023-08-11,Google Ads,76361,612,549.91,110.04362285586862,No,0.8,0.9,17.98,5.0
CMP-00236,Q4_Summer_CMP-00236,2023-10-16,2023-10-18,Email,67496,859,,,Yes,1.27,0.43,3.09,13.82
CMP-00237,Q4_Summer_CMP-00237,2023-04-02,2023-04-30,Email,81212,1810,1837.64,336.3423760596787,No,2.23,1.02,18.58,
CMP-00238,Q3_Winter_CMP-00238,2023-04-09,2023-04-13,Facebook,27425,1208,1735.64,131.44171808888314,Yes,4.4,,10.88,13.2
CMP-00239,Q2_Winter_CMP-00239,2023-06-23,2023-07-16,TikTok,99761,2909,5017.69,398.53347737550075,Yes,2.92,1.72,13.7,12.59
CMP-00240,Q4_Summer_CMP-00240,2023-11-19,2023-11-26,Google Ads,27647,953,1202.74,77.04656163197969,Yes,3.45,,8.08,15.61
CMP-00241,Q1_Launch_CMP-00241,2023-03-23,2023-04-02,Email,65270,2626,3645.21,55.767472261586924,Yes,4.02,1.39,2.12,
CMP-00242,Q3_Winter_CMP-00242,2023-08-31,2023-09-08,Google Ads,16636,703,422.75,134.98637899002813,Yes,4.23,0.6,19.2,3.13
CMP-00243,Q1_Launch_CMP-00243,2023-06-15,2023-07-09,TikTok,91891,2428,881.97,,Yes,2.64,0.36,19.9,
CMP-00244,Q4_Summer_CMP-00244,2023-02-10,2023-02-11,Email,33571,936,1540.53,74.19101158355717,Yes,2.79,1.65,7.93,
CMP-00245,Q4_Summer_CMP-00245,2023-09-17,2023-09-28,Google Ads,80346,2997,1750.14,567.4367152386698,Yes,3.73,,18.93,3.08
CMP-00246,Q1_Launch_CMP-00246,2023-10-31,2023-11-09,Facebook,33459,563,256.16,23.571681344158527,No,1.68,0.45,4.19,
CMP-00247,Q4_Summer_CMP-00247,2023-07-30,2023-08-07,,79189,3440,6514.86,135.50175629684495,Yes,4.34,1.89,3.94,48.08
CMP-00248,Q3_Winter_CMP-00248,2023-03-06,2023-03-12,Instagram,45690,271,525.19,6.47452864207224,Yes,0.59,,2.39,81.12
CMP-00249,Q4_Summer_CMP-00249,2023-02-26,2023-03-25,TikTok,6717,92,123.98,7.759389244570954,Yes,1.37,1.35,8.43,15.98
CMP-00250,Q1_Launch_CMP-00250,2023-06-04,2023-06-15,,19446,797,752.12,15.890129744999564,No,4.1,0.94,1.99,47.33
CMP-00251,Q1_Launch_CMP-00251,2023-07-04,2023-07-17,Facebook,68502,1391,2387.66,,No,2.03,1.72,,20.2
CMP-00252,Q3_Winter_CMP-00252,2023-07-21,2023-08-02,Instagram,19704,231,149.69,8.383955913433939,No,1.17,0.65,3.63,17.85
CMP-00253,Q1_Launch_CMP-00253,2023-04-28,2023-03-30,Instagram,27894,373,384.18,,No,1.34,1.03,14.88,6.92
CMP-00254,Q2_Winter_CMP-00254,2023-07-02,2023-07-12,Google Ads,54402,1571,1424.79,,Yes,2.89,0.91,16.83,5.39
CMP-00255,Q4_Summer_CMP-00255,2023-04-18,2023-04-28,Facebook,25678,1106,,155.59753399711195,No,4.31,1.85,14.07,13.16
CMP-00256,Q1_Launch_CMP-00256,2023-09-08,2023-09-18,Email,13323,108,201.27,5.194140007989919,Yes,0.81,1.86,4.81,38.75
CMP-00257,Q4_Summer_CMP-00257,2023-10-18,2023-10-28,Instagram,62617,398,,,No,0.64,1.41,15.57,9.03
CMP-00258,Q1_Launch_CMP-00258,2023-08-27,2023-08-30,Facebook,69045,1790,873.98,102.75501701101682,Yes,2.59,0.49,5.74,8.51
CMP-00259,Q1_Launch_CMP-00259,2023-01-01,2023-01-19,Email,73438,3527,3949.28,544.2260934865194,Yes,4.8,1.12,15.43,
CMP-00260,Q3_Winter_CMP-00260,2023-12-29,2023-12-30,Instagram,94422,1657,1188.17,195.20377850463072,No,1.75,0.72,11.78,6.09
CMP-00261,Q4_Summer_CMP-00261,2023-01-09,2023-01-16,Facebook,12887,620,1118.7,49.39873441910451,No,4.81,1.8,7.97,22.65
CMP-00262,Q1_Launch_CMP-00262,2023-12-31,2024-01-06,TikTok,42966,1931,1033.63,49.9425185703114,No,4.49,,2.59,
CMP-00263,Q2_Winter_CMP-00263,2023-01-12,2023-01-21,Facebook,23782,421,165.17,,Yes,1.77,,16.72,2.35
CMP-00264,Q1_BlackFriday_CMP-00264,2023-07-08,2023-07-30,Facebook,90159,3765,5638.2,709.8307168930106,Yes,4.18,1.5,18.85,
CMP-00265,Q1_BlackFriday_CMP-00265,2023-02-08,2023-02-26,TikTok,54209,1944,2081.22,,Yes,3.59,1.07,13.65,7.84
CMP-00266,Q3_Winter_CMP-00266,2023-02-04,2023-03-05,Google Ads,10282,288,,,Yes,2.8,1.73,19.33,
CMP-00267,Q3_Winter_CMP-00267,2023-09-07,2023-09-18,Facebook,69368,1666,711.17,312.34362858386845,Yes,2.4,0.43,18.75,2.28
CMP-00268,Q2_Winter_CMP-00268,2023-09-23,2023-10-20,Instagram,4774,199,330.7,9.348143634389926,Yes,4.17,1.66,,
CMP-00269,Q4_Summer_CMP-00269,2023-02-15,2023-02-13,Google Ads,27780,1130,410.72,168.29129124403644,No,4.07,,14.89,2.44
CMP-00270,Q3_Winter_CMP-00270,2023-12-23,2024-01-07,Instagram,72276,2823,981.61,,Yes,3.91,0.35,7.64,4.55
CMP-00271,Q2_Winter_CMP-00271,2023-04-27,2023-05-21,Facebook,50847,2538,2751.79,260.4706216119562,No,4.99,1.08,10.26,
CMP-00272,Q1_Launch_CMP-00272,2023-05-13,2023-04-27,TikTok,76221,2022,1367.27,80.52297933876356,No,2.65,0.68,3.98,16.98
CMP-00273,Q1_Launch_CMP-00273,2023-04-19,2023-05-17,Email,57333,2368,,462.25276027169906,No,4.13,1.31,19.52,6.71
CMP-00274,Q1_BlackFriday_CMP-00274,2023-06-18,2023-06-28,TikTok,84384,3696,,546.8827158915772,Yes,4.38,,14.8,2.32
CMP-00275,Q3_Winter_CMP-00275,2023-03-07,2023-03-06,TikTok,56475,820,,49.78431464050483,Yes,1.45,0.36,6.07,5.93
CMP-00276,Q3_Winter_CMP-00276,2023-06-05,2023-06-28,Email,6153,42,64.52,3.3843440875409074,Yes,0.68,1.54,8.06,19.06
CMP-00277,Q3_Winter_CMP-00277,2023-03-18,2023-03-20,Facebook,7590,176,115.68,15.887829073154549,No,2.32,0.66,9.03,7.28
CMP-00278,Q4_Summer_CMP-00278,2023-01-19,2023-02-11,,77802,3388,4797.1,515.0824089058729,Yes,4.35,1.42,15.2,9.31
CMP-00279,Q1_Launch_CMP-00279,2023-05-15,2023-06-06,Email,4340,78,,14.498833493525243,Yes,1.8,1.57,18.59,8.47
CMP-00280,Q1_Launch_CMP-00280,2023-09-03,2023-09-28,Email,37965,1385,,98.43697099489002,No,3.65,0.4,7.11,5.64
CMP-00281,Q2_Winter_CMP-00281,2023-10-06,2023-10-20,TikTok,2102,11,17.69,,No,0.52,1.61,9.98,16.12
CMP-00282,Q3_Winter_CMP-00282,2023-06-04,2023-05-09,Google Ads,30682,644,487.07,79.02487861205402,No,2.1,0.76,12.27,6.16
CMP-00283,Q4_Summer_CMP-00283,2023-04-29,2023-05-04,TikTok,59716,1952,1878.27,165.40341990142903,Yes,3.27,0.96,8.47,11.36
CMP-00284,Q3_Winter_CMP-00284,2023-10-15,2023-10-28,Email,17715,192,85.88,20.312534676380196,No,1.08,0.45,10.58,
CMP-00285,Q3_Winter_CMP-00285,2023-09-06,2023-09-10,,46876,2125,3667.05,63.92945521686619,Yes,4.53,1.73,3.01,57.36
CMP-00286,Q1_BlackFriday_CMP-00286,2023-10-31,2023-11-23,Instagram,99603,1198,1501.38,50.146044132864205,Yes,1.2,,4.19,29.94
CMP-00287,Q1_Launch_CMP-00287,2023-11-27,2023-12-18,Facebook,7514,345,399.49,,No,4.59,1.16,8.62,13.43
CMP-00288,Q3_Winter_CMP-00288,2023-10-27,2023-11-20,Facebook,6834,100,194.65,18.3838412236405,No,1.46,1.95,18.38,10.59
CMP-00289,Q3_Winter_CMP-00289,2023-12-08,2023-12-31,Instagram,27489,1367,1187.46,,Yes,4.97,0.87,7.64,11.37
CMP-00290,Q3_Winter_CMP-00290,2023-06-02,2023-06-11,Google Ads,82787,2666,4836.99,,Yes,3.22,,5.75,31.58
CMP-00291,Q1_BlackFriday_CMP-00291,2023-05-25,2023-05-27,TikTok,40876,359,546.93,,Yes,0.88,,15.11,10.08
CMP-00292,Q2_Winter_CMP-00292,2023-04-28,2023-05-25,,64129,509,,96.88037836126888,No,0.79,1.88,19.03,9.87
CMP-00293,Q1_BlackFriday_CMP-00293,2023-03-27,2023-04-11,,3870,32,58.98,3.1114715917463682,No,0.83,,9.72,18.96
CMP-00294,Q2_Winter_CMP-00294,2023-10-01,2023-10-04,TikTok,73640,2322,4608.59,27.016334297129845,Yes,3.15,1.98,1.16,170.59
CMP-00295,Q3_Winter_CMP-00295,2023-09-18,2023-10-15,Email,7208,298,156.11,41.9430151481495,Yes,4.13,0.52,14.07,3.72
CMP-00296,Q3_Winter_CMP-00296,2023-10-20,2023-11-18,Email,71315,1649,,146.53269975435435,No,2.31,1.65,8.89,18.6
CMP-00297,Q1_BlackFriday_CMP-00297,2023-03-03,2023-03-16,Instagram,15217,380,633.7,52.437207743690735,No,2.5,1.67,13.8,
CMP-00298,Q3_Winter_CMP-00298,2023-06-29,2023-07-22,Facebook,85914,2707,3777.44,169.90793558643423,Yes,3.15,1.4,6.28,22.23
CMP-00299,Q2_Winter_CMP-00299,2023-03-23,2023-03-25,Google Ads,29965,868,671.89,9.077151078293442,Yes,2.9,0.77,,74.02
CMP-00300,Q1_Launch_CMP-00300,2023-11-22,2023-11-25,TikTok,18787,675,,,No,3.59,,,25.72
CMP-00301,Q2_Winter_CMP-00301,2023-04-08,2023-04-17,TikTok,34002,891,576.94,128.2242956809449,Yes,2.62,0.65,14.39,4.5
CMP-00302,Q1_BlackFriday_CMP-00302,2023-02-22,2023-03-14,Facebook,582,21,,1.778521999206665,Yes,3.61,,8.47,13.57
CMP-00303,Q1_Launch_CMP-00303,2023-07-28,2023-08-01,TikTok,16929,844,1001.43,43.58676503479131,No,4.99,1.19,5.16,22.98
CMP-00304,Q1_BlackFriday_CMP-00304,2023-11-17,2023-11-18,Instagram,60053,1246,716.59,122.3089850151072,Yes,2.07,0.58,9.82,5.86
CMP-00305,Q3_Winter_CMP-00305,2023-12-01,2023-12-21,Facebook,30427,168,256.75,25.69496486368446,No,0.55,1.53,15.29,9.99
CMP-00306,Q1_Launch_CMP-00306,2023-02-05,2023-02-28,Instagram,35708,380,171.41,12.423068866404495,No,1.06,0.45,3.27,13.8
CMP-00307,Q2_Winter_CMP-00307,2023-04-29,2023-05-21,TikTok,80819,2417,,341.84328641155014,Yes,2.99,1.48,,10.45
CMP-00308,Q3_Winter_CMP-00308,2023-02-26,2023-03-22,TikTok,12816,262,456.57,35.840385504960494,Yes,2.04,1.74,13.68,12.74
CMP-00309,Q2_Winter_CMP-00309,2023-04-23,2023-05-17,Email,39891,1886,1686.03,151.71021180634847,No,4.73,0.89,8.04,11.11
CMP-00310,Q1_Launch_CMP-00310,2023-07-14,2023-08-01,Email,19020,632,951.8,122.8379698608497,Yes,3.32,1.51,19.44,7.75
CMP-00311,Q4_Summer_CMP-00311,2023-04-13,2023-04-29,Email,48543,1379,781.23,248.21173551684691,Yes,2.84,0.57,18.0,3.15
CMP-00312,Q4_Summer_CMP-00312,2023-01-25,2023-02-19,Facebook,33509,1370,2381.22,95.99683345277879,Yes,4.09,,7.01,24.81
CMP-00313,Q1_Launch_CMP-00313,2023-07-06,2023-07-17,Google Ads,5099,84,161.15,1.3362138505657357,Yes,1.65,1.92,,120.6
CMP-00314,Q2_Winter_CMP-00314,2023-01-20,2023-01-23,Instagram,7488,313,,21.46488685712971,No,4.18,0.56,6.86,8.16
CMP-00315,Q2_Winter_CMP-00315,2023-03-24,2023-04-15,Facebook,85307,438,646.56,21.416960058265623,No,0.51,1.48,4.89,30.19
CMP-00316,Q4_Summer_CMP-00316,2023-01-01,2023-01-10,Email,6162,202,500000.0,,No,3.28,2475.2475247524753,11.4,10.18
CMP-00317,Q4_Summer_CMP-00317,2023-02-01,2023-03-02,TikTok,78379,3688,4438.69,,Yes,4.71,1.2,18.46,6.52
CMP-00318,Q4_Summer_CMP-00318,2023-06-09,2023-06-22,Facebook,91644,3707,5564.33,650.0748184447276,Yes,4.05,1.5,17.54,8.56
CMP-00319,Q1_BlackFriday_CMP-00319,2023-11-07,2023-12-02,Facebook,46848,2033,,138.4626279586526,No,4.34,1.13,6.81,16.6
CMP-00320,Q4_Summer_CMP-00320,2023-10-10,2023-10-12,Instagram,31554,721,952.12,65.92357612178671,Yes,2.28,1.32,9.14,14.44
CMP-00321,Q2_Winter_CMP-00321,2023-02-06,2023-02-26,Facebook,77743,3272,,55.43755432378488,No,4.21,0.69,1.69,40.87
CMP-00322,Q1_Launch_CMP-00322,2023-01-13,2023-01-26,Facebook,98231,2926,2760.57,331.78226044246816,Yes,2.98,0.94,11.34,
CMP-00323,Q4_Summer_CMP-00323,2023-05-04,2023-05-18,Facebook,12482,409,724.3,9.01432572974214,Yes,3.28,1.77,2.2,80.35
CMP-00324,Q1_BlackFriday_CMP-00324,2023-08-27,2023-09-04,Email,96454,737,358.8,138.80302145706082,Yes,0.76,0.49,18.83,2.58
CMP-00325,Q1_BlackFriday_CMP-00325,2023-09-30,2023-10-29,Instagram,94401,1328,1747.49,232.02474520992536,Yes,1.41,1.32,17.47,7.53
CMP-00326,Q2_Winter_CMP-00326,2023-10-28,2023-11-09,Facebook,14685,437,268.01,,Yes,2.98,,5.07,
CMP-00327,Q2_Winter_CMP-00327,2023-05-05,2023-05-30,Email,5946,45,78.26,6.429602212820488,Yes,0.76,,14.29,
CMP-00328,Q1_Launch_CMP-00328,2023-03-03,2023-03-16,Email,71634,2748,3529.46,324.05480207609185,Yes,3.84,1.28,11.79,10.89
CMP-00329,Q1_Launch_CMP-00329,2023-01-10,2023-01-12,Google Ads,8228,352,,57.11480381308233,Yes,4.28,0.99,,
CMP-00330,Q3_Winter_CMP-00330,2023-02-23,2023-03-21,Facebook,60280,2797,2026.99,280.74579909096025,No,4.64,0.72,10.04,7.22
CMP-00331,Q3_Winter_CMP-00331,2023-01-24,2023-01-30,TikTok,6943,66,,3.0648205121488563,Yes,0.95,1.04,4.64,22.45
CMP-00332,Q2_Winter_CMP-00332,2023-11-11,2023-11-19,Facebook,69219,3273,6310.15,430.62941523438536,No,4.73,,13.16,14.65
CMP-00333,Q2_Winter_CMP-00333,2023-04-08,2023-05-03,Facebook,23554,189,,4.772866542424385,Yes,0.8,,2.53,46.16
CMP-00334,Q1_BlackFriday_CMP-00334,2023-10-28,2023-11-23,TikTok,10071,265,291.01,32.08400535533005,Yes,2.63,1.1,12.11,9.07
CMP-00335,Q3_Winter_CMP-00335,2023-07-21,2023-08-17,Instagram,7128,305,,15.376243476665318,Yes,4.28,1.57,5.04,31.12
CMP-00336,Q1_BlackFriday_CMP-00336,2023-07-16,2023-07-29,Instagram,19261,157,,22.001653919395803,No,0.82,0.94,14.01,6.74
CMP-00337,Q1_BlackFriday_CMP-00337,2023-06-15,2023-07-07,Email,54304,316,324.41,,No,0.58,1.03,16.73,6.14
CMP-00338,Q2_Winter_CMP-00338,2023-10-27,2023-11-06,Google Ads,8125,49,42.77,1.5096752296160945,No,0.6,0.87,3.08,28.33
CMP-00339,Q2_Winter_CMP-00339,2023-01-16,2023-02-07,Google Ads,80326,2249,,193.52875501861502,Yes,2.8,0.56,8.61,
CMP-00340,Q1_BlackFriday_CMP-00340,2023-02-03,2023-02-18,,60611,2516,,375.8126598204375,No,4.15,1.51,14.94,
CMP-00341,Q4_Summer_CMP-00341,2023-06-04,2023-06-06,Facebook,30081,322,,13.235353303723763,No,1.07,1.78,4.11,
CMP-00342,Q2_Winter_CMP-00342,2023-05-24,2023-06-06,TikTok,98665,1046,1924.12,123.05091418289763,No,1.06,1.84,11.76,
CMP-00343,Q4_Summer_CMP-00343,2023-07-19,2023-08-02,Email,66024,2019,,277.9141518373462,Yes,3.06,1.8,13.76,13.06
CMP-00344,Q3_Winter_CMP-00344,2023-09-27,2023-10-05,Instagram,67362,1047,1118.23,81.04909228813031,No,1.55,1.07,7.74,13.8
CMP-00345,Q1_BlackFriday_CMP-00345,2023-08-03,2023-08-14,Facebook,17807,674,,113.2836500343851,Yes,3.79,0.78,16.81,4.66
CMP-00346,Q2_Winter_CMP-00346,2023-04-04,2023-04-19,Google Ads,71220,3399,4705.81,363.77816248501824,No,4.77,1.38,10.7,12.94
CMP-00347,Q1_BlackFriday_CMP-00347,2023-04-30,2023-05-02,Google Ads,56139,2215,4259.44,,Yes,3.95,1.92,12.91,
CMP-00348,Q1_BlackFriday_CMP-00348,2023-10-02,2023-10-07,TikTok,98466,4379,6726.08,160.99757558634292,Yes,4.45,1.54,3.68,41.78
CMP-00349,Q1_Launch_CMP-00349,2023-03-15,2023-04-07,Facebook,48060,1364,1556.65,19.642190831886513,Yes,2.84,1.14,1.44,79.25
CMP-00350,Q1_Launch_CMP-00350,2023-07-04,2023-07-15,Instagram,67962,2885,4243.76,56.667829097716236,No,4.25,1.47,,74.89
CMP-00351,Q3_Winter_CMP-00351,2023-08-03,2023-07-16,Instagram,34442,455,734.06,82.69389681173577,Yes,1.32,1.61,18.17,8.88
CMP-00352,Q1_Launch_CMP-00352,2023-10-01,2023-10-18,Google Ads,4498,36,67.06,6.397273908258039,Yes,0.8,1.86,,10.48
CMP-00353,Q2_Winter_CMP-00353,2023-09-18,2023-10-04,TikTok,13227,456,728.44,74.52972228898203,Yes,3.45,,16.34,
CMP-00354,Q3_Winter_CMP-00354,2023-06-19,2023-07-01,TikTok,86767,636,659.17,30.481125104820578,No,0.73,1.04,4.79,
CMP-00355,Q1_BlackFriday_CMP-00355,2023-04-23,2023-05-08,Facebook,73943,3339,2554.77,366.74622338328436,Yes,4.52,,10.98,6.97
CMP-00356,Q1_BlackFriday_CMP-00356,2023-05-15,2023-06-08,Instagram,36785,1328,,214.1562668103656,No,3.61,1.15,16.13,7.13
CMP-00357,Q1_Launch_CMP-00357,2023-05-31,2023-06-28,Email,69933,3346,2870.54,462.37418529154564,Yes,4.78,0.86,13.82,6.21
CMP-00358,Q1_BlackFriday_CMP-00358,2023-03-22,2023-03-30,,934,17,32.35,0.5431334555732785,No,1.82,,3.19,59.56
CMP-00359,Q1_Launch_CMP-00359,2023-08-17,2023-09-06,TikTok,4199,112,130.32,20.17711673200838,No,2.67,1.16,18.02,
CMP-00360,Q4_Summer_CMP-00360,2023-03-18,2023-04-16,Google Ads,50969,1955,2155.38,79.23547479737408,No,3.84,,4.05,27.2
CMP-00361,Q1_BlackFriday_CMP-00361,2023-08-25,2023-08-26,Google Ads,62683,998,890.15,42.55589938503667,No,1.59,0.89,4.26,
CMP-00362,Q1_BlackFriday_CMP-00362,2023-10-02,2023-10-25,Google Ads,93732,2754,,499.00177529986485,Yes,2.94,1.39,18.12,7.65
CMP-00363,Q2_Winter_CMP-00363,2023-12-18,2024-01-02,Facebook,76086,2638,3123.62,269.27970221295334,Yes,3.47,1.18,10.21,11.6
CMP-00364,Q1_BlackFriday_CMP-00364,2023-02-13,2023-03-14,Instagram,26104,1280,664.81,103.48729207261273,No,4.9,0.52,8.08,
CMP-00365,Q1_Launch_CMP-00365,2023-10-05,2023-10-22,Email,81606,3142,5585.39,361.9420020170938,Yes,3.85,1.78,11.52,15.43
CMP-00366,Q3_Winter_CMP-00366,2023-02-01,2023-02-26,Instagram,49405,509,463.35,100.00093605819349,Yes,1.03,0.91,19.65,
CMP-00367,Q3_Winter_CMP-00367,2023-05-04,2023-05-09,Facebook,82690,2182,2259.21,,No,2.64,1.04,3.27,31.63
CMP-00368,Q2_Winter_CMP-00368,2023-03-06,2023-03-11,Email,17790,560,,,Yes,3.15,0.65,15.38,
CMP-00369,Q1_Launch_CMP-00369,2023-03-01,2023-03-28,TikTok,3109,36,44.67,2.6467888977498317,Yes,1.16,1.24,7.35,16.88
CMP-00370,Q4_Summer_CMP-00370,2023-03-06,2023-03-22,Email,6240,152,227.01,4.900382942079374,No,2.44,1.49,3.22,46.32
CMP-00371,Q2_Winter_CMP-00371,2023-01-17,2023-02-03,Instagram,99092,1761,3166.24,158.78468136753975,Yes,1.78,1.8,9.02,
CMP-00372,Q4_Summer_CMP-00372,2023-10-28,2023-11-02,Google Ads,8514,88,34.12,10.05514811556653,Yes,1.03,0.39,11.43,3.39
CMP-00373,Q3_Winter_CMP-00373,2023-01-23,2023-01-30,Facebook,93965,2634,5148.59,129.4155612174284,Yes,2.8,1.95,4.91,39.78
CMP-00374,Q2_Winter_CMP-00374,2023-05-26,2023-06-19,Facebook,72837,907,1357.32,78.91008588611751,Yes,1.25,1.5,8.7,
CMP-00375,Q1_BlackFriday_CMP-00375,2023-09-13,2023-09-22,TikTok,15030,474,371.29,,No,3.15,0.78,13.08,5.99
CMP-00376,Q1_Launch_CMP-00376,2023-12-28,2024-01-14,Facebook,86475,1092,707.19,,No,1.26,,11.95,5.42
CMP-00377,Q4_Summer_CMP-00377,2023-11-08,2023-11-18,Facebook,14848,557,447.47,82.10208566882484,Yes,3.75,0.8,14.74,5.45
CMP-00378,Q4_Summer_CMP-00378,2023-02-20,2023-02-28,Facebook,14758,203,363.11,34.29012283539557,Yes,1.38,1.79,16.89,10.59
CMP-00379,Q2_Winter_CMP-00379,2023-12-27,2024-01-01,Google Ads,57764,2618,2082.26,229.69458382872185,Yes,4.53,0.8,8.77,
CMP-00380,Q2_Winter_CMP-00380,2023-08-27,2023-09-23,Facebook,29187,180,195.62,16.26548082080818,Yes,0.62,,9.04,
CMP-00381,Q1_Launch_CMP-00381,2023-03-07,2023-04-04,TikTok,29436,838,1256.79,87.46332164794947,No,2.85,,10.44,14.37
CMP-00382,Q1_BlackFriday_CMP-00382,2023-06-13,2023-06-17,Email,19905,386,688.0,45.39635677048479,No,1.94,,11.76,
CMP-00383,Q1_BlackFriday_CMP-00383,2023-12-02,2023-12-13,,60964,922,1308.84,28.19596607299386,Yes,1.51,1.42,3.06,46.42
CMP-00384,Q2_Winter_CMP-00384,2023-05-24,2023-06-10,,3172,83,131.16,,No,2.62,,6.94,22.77
CMP-00385,Q1_Launch_CMP-00385,2023-03-09,2023-03-21,TikTok,24884,1067,634.5,45.51762367678413,No,4.29,0.59,4.27,13.94
CMP-00386,Q1_Launch_CMP-00386,2023-11-16,2023-12-07,Facebook,55566,2566,4597.23,213.7786557532579,Yes,4.62,,8.33,
CMP-00387,Q1_Launch_CMP-00387,2023-12-14,2023-12-22,Email,48911,912,701.08,177.78279369562907,No,1.86,0.77,19.49,3.94
CMP-00388,Q1_BlackFriday_CMP-00388,2023-12-23,2023-12-25,Google Ads,70142,837,433.77,101.04170404097621,No,1.19,0.52,,
CMP-00389,Q1_BlackFriday_CMP-00389,2023-12-15,2023-12-25,TikTok,22016,823,1612.76,75.37238826997583,Yes,3.74,1.96,9.16,
CMP-00390,Q1_Launch_CMP-00390,2023-11-15,2023-12-03,Google Ads,64963,2026,1302.29,238.11174844741447,Yes,3.12,0.64,11.75,
CMP-00391,Q4_Summer_CMP-00391,2023-06-15,2023-06-21,Google Ads,76114,1069,569.04,146.5861391728144,No,1.4,0.53,13.71,3.88
CMP-00392,Q1_Launch_CMP-00392,2023-04-05,2023-03-12,Facebook,39111,1533,2091.37,142.0188952525951,No,3.92,1.36,,14.73
CMP-00393,Q2_Winter_CMP-00393,2023-08-14,2023-08-15,TikTok,26052,738,621.45,70.15786875233984,Yes,2.83,0.84,9.51,8.86
CMP-00394,Q3_Winter_CMP-00394,2023-03-24,2023-03-22,Facebook,55723,1917,1009.67,274.6413333546997,Yes,3.44,0.53,14.33,3.68
CMP-00395,Q4_Summer_CMP-00395,2023-06-22,2023-07-07,Email,58096,1229,,,No,2.12,1.32,2.16,61.3
CMP-00396,Q1_BlackFriday_CMP-00396,2023-08-28,2023-09-12,,9862,244,388.03,27.478135145847634,Yes,2.47,1.59,11.26,14.12
CMP-00397,Q1_Launch_CMP-00397,2023-12-12,2023-12-21,TikTok,56728,744,1226.44,,Yes,1.31,1.65,11.4,14.46
CMP-00398,Q1_Launch_CMP-00398,2023-04-16,2023-04-24,TikTok,15853,618,348.78,95.03785050169449,Yes,3.9,0.56,15.38,3.67
CMP-00399,Q2_Winter_CMP-00399,2023-04-02,2023-04-05,Email,57098,688,857.71,135.33132202544795,No,1.2,1.25,19.67,6.34
CMP-00400,Q2_Winter_CMP-00400,2023-09-26,2023-10-16,Email,93213,3730,,601.2514173958109,No,4.0,1.68,16.12,10.44
CMP-00401,Q1_BlackFriday_CMP-00401,2023-01-03,2023-01-14,TikTok,53938,2206,1265.91,233.21795910631715,No,4.09,0.57,10.57,
CMP-00402,Q4_Summer_CMP-00402,2023-07-26,2023-07-30,Instagram,76270,2943,1921.96,,Yes,3.86,0.65,4.22,
CMP-00403,Q2_Winter_CMP-00403,2023-09-30,2023-10-12,Google Ads,31315,183,55.65,22.28383398368534,Yes,0.58,0.3,12.18,2.5
CMP-00404,Q1_BlackFriday_CMP-00404,2023-07-21,2023-08-18,Email,92312,1596,1902.24,268.95279440675495,Yes,1.73,,16.85,7.07
CMP-00405,Q3_Winter_CMP-00405,2023-05-21,2023-05-29,Google Ads,81369,2121,1338.26,396.96354350843256,Yes,2.61,0.63,,3.37
CMP-00406,Q3_Winter_CMP-00406,2023-10-30,2023-11-25,Email,91709,2916,4465.02,486.41496265491156,Yes,3.18,,16.68,9.18
CMP-00407,Q3_Winter_CMP-00407,2023-05-16,2023-05-24,TikTok,74288,3444,,158.09349725940706,No,4.64,1.94,4.59,42.17
CMP-00408,Q1_Launch_CMP-00408,2023-09-17,2023-09-23,Instagram,65114,1426,500000.0,207.32530468680787,No,2.19,350.6311360448808,14.54,4.5
CMP-00409,Q1_BlackFriday_CMP-00409,2023-06-19,2023-06-27,Google Ads,52737,2340,,414.71688965220596,No,4.44,,17.72,
CMP-00410,Q1_Launch_CMP-00410,2023-01-10,2023-01-20,TikTok,92859,1147,,159.88402753701672,Yes,1.24,0.66,13.94,4.74
CMP-00411,Q1_Launch_CMP-00411,2023-07-13,2023-07-17,Facebook,84895,1842,,258.41949928405677,Yes,2.17,0.33,14.03,2.36
CMP-00412,Q2_Winter_CMP-00412,2023-01-19,2023-02-06,Email,41962,308,489.58,32.349496991413126,Yes,0.73,1.59,10.5,
CMP-00413,Q2_Winter_CMP-00413,2023-12-06,2023-12-16,Facebook,9022,346,359.08,45.33481684253071,Yes,3.84,1.04,13.1,7.92
CMP-00414,Q1_Launch_CMP-00414,2023-08-08,2023-08-29,TikTok,859,10,19.1,0.6593233665237401,Yes,1.16,1.91,6.59,
CMP-00415,Q1_Launch_CMP-00415,2023-05-16,2023-05-31,Facebook,23731,393,474.86,10.561449180291595,Yes,1.66,1.21,2.69,44.96
CMP-00416,Q4_Summer_CMP-00416,2023-06-27,2023-07-10,Google Ads,6725,268,152.15,44.82724294963579,No,3.99,,16.73,3.39
CMP-00417,Q1_BlackFriday_CMP-00417,2023-08-15,2023-08-29,TikTok,21544,626,666.45,118.4375839211469,Yes,2.91,1.06,18.92,5.63
CMP-00418,Q1_Launch_CMP-00418,2023-04-05,2023-04-10,Google Ads,11393,64,41.27,11.058959598183643,Yes,0.56,,17.28,3.73
CMP-00419,Q2_Winter_CMP-00419,2023-04-16,2023-05-07,Google Ads,98114,500,896.32,36.72178760917628,Yes,0.51,1.79,7.34,24.41
CMP-00420,Q3_Winter_CMP-00420,2023-06-02,2023-06-06,Facebook,9987,279,411.4,7.7480333208332794,No,2.79,1.47,2.78,53.1
CMP-00421,Q1_BlackFriday_CMP-00421,2023-04-05,2023-04-26,Email,62875,1177,1035.88,74.41734762601143,Yes,1.87,0.88,6.32,13.92
CMP-00422,Q4_Summer_CMP-00422,2023-10-04,2023-11-02,Email,35494,465,556.74,79.11450545280468,Yes,1.31,,17.01,7.04
CMP-00423,Q4_Summer_CMP-00423,2023-02-07,2023-03-02,TikTok,17834,581,835.55,78.20536349763073,Yes,3.26,1.44,13.46,10.68
CMP-00424,Q3_Winter_CMP-00424,2023-10-29,2023-11-12,Facebook,70276,1073,1749.91,207.8099555452658,Yes,1.53,1.63,19.37,8.42
CMP-00425,Q3_Winter_CMP-00425,2023-05-08,2023-05-18,Facebook,97070,3072,1340.16,230.7360568413685,No,3.16,0.44,7.51,
CMP-00426,Q1_Launch_CMP-00426,2023-07-24,2023-08-19,Email,79169,1747,590.98,200.52014088840485,Yes,2.21,0.34,11.48,2.95
CMP-00427,Q1_BlackFriday_CMP-00427,2023-02-27,2023-03-07,Instagram,97536,1307,,209.26019157942113,Yes,1.34,0.49,16.01,
CMP-00428,Q1_BlackFriday_CMP-00428,2023-05-21,2023-06-04,Instagram,59226,664,645.07,36.16042349504544,No,1.12,0.97,,17.84
CMP-00429,Q1_Launch_CMP-00429,2023-10-03,2023-10-26,TikTok,67520,1057,1155.73,204.18818961090068,Yes,1.57,1.09,19.32,
CMP-00430,Q4_Summer_CMP-00430,2023-04-09,2023-05-06,TikTok,15070,95,50.54,11.642777988477258,No,0.63,0.53,12.26,
CMP-00431,Q1_Launch_CMP-00431,2023-02-18,2023-03-17,Facebook,85315,1609,1607.33,18.504364082451175,Yes,1.89,1.0,,86.86
CMP-00432,Q4_Summer_CMP-00432,2023-07-10,2023-07-13,Facebook,74916,3415,3588.34,50.470702891235845,No,4.56,1.05,1.48,71.1
CMP-00433,Q1_BlackFriday_CMP-00433,2023-03-28,2023-03-01,Email,25775,1093,530.6,194.13980012611927,Yes,4.24,0.49,17.76,2.73
CMP-00434,Q1_Launch_CMP-00434,2023-04-25,2023-04-29,TikTok,35802,778,1445.77,103.16551543364247,Yes,2.17,1.86,13.26,14.01
CMP-00435,Q3_Winter_CMP-00435,2023-06-14,2023-07-01,TikTok,61283,1894,2497.33,293.5392767103214,Yes,3.09,1.32,,8.51
CMP-00436,Q1_Launch_CMP-00436,2023-07-25,2023-08-21,Google Ads,1792,54,,8.584004169817877,No,3.01,0.96,,6.04
CMP-00437,Q3_Winter_CMP-00437,2023-08-22,2023-09-10,Google Ads,81882,3463,4023.11,311.2799189797234,Yes,4.23,1.16,8.99,12.92
CMP-00438,Q1_BlackFriday_CMP-00438,2023-09-04,2023-10-02,Instagram,28418,444,,71.81084472456459,No,1.56,0.83,16.17,5.16
CMP-00439,Q1_Launch_CMP-00439,2023-11-05,2023-11-15,Instagram,7960,145,254.09,27.279018854585427,No,1.82,1.75,18.81,
CMP-00440,Q2_Winter_CMP-00440,2023-01-25,2023-02-04,Email,33394,620,,26.481756495261433,Yes,1.86,1.28,4.27,29.91
CMP-00441,Q1_BlackFriday_CMP-00441,2023-05-13,2023-05-23,Google Ads,83658,572,652.84,,Yes,0.68,1.14,15.52,
CMP-00442,Q2_Winter_CMP-00442,2023-01-01,2023-01-12,Email,27787,532,983.4,36.43161612978131,Yes,1.91,,6.85,
CMP-00443,Q1_Launch_CMP-00443,2023-01-24,2023-01-04,Google Ads,54149,2409,4154.48,171.24056242777945,No,4.45,1.72,7.11,
CMP-00444,Q3_Winter_CMP-00444,2023-03-19,2023-04-02,TikTok,81281,3742,6293.16,330.8804439898499,No,4.6,1.68,8.84,19.02
CMP-00445,Q3_Winter_CMP-00445,2023-08-07,2023-08-29,Facebook,3854,38,25.97,6.616054933736378,Yes,0.99,0.68,17.41,3.93
CMP-00446,Q4_Summer_CMP-00446,2023-11-23,2023-12-06,Email,76112,1949,1092.04,27.657582285584308,Yes,2.56,0.56,1.42,39.48
CMP-00447,Q2_Winter_CMP-00447,2023-10-10,2023-10-19,Facebook,29224,647,-953.14,59.81254860318574,No,2.21,,9.24,
CMP-00448,Q1_BlackFriday_CMP-00448,2023-08-24,2023-08-30,Email,69707,1883,,262.13064758639797,Yes,2.7,1.1,13.92,7.88
CMP-00449,Q3_Winter_CMP-00449,2023-10-12,2023-10-28,Email,19215,575,840.83,17.812888817365526,Yes,2.99,,3.1,47.2
CMP-00450,Q2_Winter_CMP-00450,2023-03-04,2023-03-31,Facebook,14331,84,133.82,13.484367408397969,Yes,0.59,1.59,16.05,9.92
CMP-00451,Q1_BlackFriday_CMP-00451,2023-11-03,2023-11-28,TikTok,78935,3386,2715.68,639.8236173312831,Yes,4.29,0.8,18.9,4.24
CMP-00452,Q1_BlackFriday_CMP-00452,2023-11-21,2023-11-29,Google Ads,80879,3948,3094.86,107.69202798626317,No,4.88,0.78,2.73,28.74
CMP-00453,Q3_Winter_CMP-00453,2023-02-04,2023-02-18,TikTok,98141,3376,3829.78,131.86705353023848,No,3.44,1.13,3.91,29.04
CMP-00454,Q1_Launch_CMP-00454,2023-06-21,2023-07-12,Facebook,67879,2356,1802.42,459.6048817749183,Yes,3.47,0.77,19.51,3.92
CMP-00455,Q3_Winter_CMP-00455,2023-10-30,2023-11-17,Email,46855,1347,1932.14,64.10719414629484,Yes,2.87,1.43,4.76,30.14
CMP-00456,Q3_Winter_CMP-00456,2023-06-23,2023-06-25,TikTok,19886,398,624.64,9.949418276676324,No,2.0,,2.5,62.78
CMP-00457,Q1_Launch_CMP-00457,2023-11-03,2023-11-21,Google Ads,29874,349,384.76,66.62988708841215,Yes,1.17,,19.09,5.77
CMP-00458,Q4_Summer_CMP-00458,2023-12-10,2023-12-08,Instagram,64985,2032,,364.94377580323976,Yes,3.13,1.53,,8.52
CMP-00459,Q1_BlackFriday_CMP-00459,2023-06-23,2023-06-27,Email,34937,245,286.1,,Yes,0.7,1.17,13.46,
CMP-00460,Q1_Launch_CMP-00460,2023-01-22,2023-02-10,Email,48609,2046,3093.31,234.82325867376346,No,4.21,1.51,11.48,13.17
CMP-00461,Q4_Summer_CMP-00461,2023-05-05,2023-05-08,Facebook,17222,412,281.17,76.07753546658087,No,2.39,0.68,18.47,3.7
CMP-00462,Q1_Launch_CMP-00462,2023-03-20,2023-03-30,TikTok,44215,1046,1627.61,140.73805972764416,No,2.37,1.56,13.45,
CMP-00463,Q4_Summer_CMP-00463,2023-06-23,2023-07-11,Email,24178,476,721.48,64.30539386845493,Yes,1.97,1.52,,11.22
CMP-00464,Q3_Winter_CMP-00464,2023-08-02,2023-08-22,Instagram,11656,566,426.33,96.38994557427803,No,4.86,0.75,17.03,4.42
CMP-00465,Q1_Launch_CMP-00465,2023-07-02,2023-06-19,Email,13628,175,217.9,23.470418769972994,Yes,1.28,1.25,13.41,9.28
CMP-00466,Q1_BlackFriday_CMP-00466,2023-03-13,2023-03-16,Facebook,52071,614,1076.97,64.89894564181546,No,1.18,1.75,10.57,16.59
CMP-00467,Q1_Launch_CMP-00467,2023-04-20,2023-05-14,Email,36958,460,,38.66165891632434,Yes,1.24,-0.72,8.4,-8.62
CMP-00468,Q3_Winter_CMP-00468,2023-09-06,2023-10-04,,10443,361,559.97,38.1199537065512,Yes,3.46,1.55,10.56,14.69
CMP-00469,Q1_Launch_CMP-00469,2023-01-10,2023-02-05,Google Ads,51672,2564,4927.35,,Yes,4.96,1.92,10.93,
CMP-00470,Q1_BlackFriday_CMP-00470,2023-03-20,2023-04-11,Instagram,16843,262,464.42,20.582211042066575,Yes,1.56,1.77,7.86,
CMP-00471,Q4_Summer_CMP-00471,2023-11-22,2023-12-04,Instagram,2036,93,91.38,8.848252286682714,Yes,4.57,0.98,9.51,10.33
CMP-00472,Q1_BlackFriday_CMP-00472,2023-02-06,2023-03-04,Instagram,13688,240,319.74,38.96536013857657,Yes,1.75,1.33,16.24,8.21
CMP-00473,Q3_Winter_CMP-00473,2023-06-01,2023-06-16,Google Ads,45128,1541,3060.44,137.36094921461319,No,3.41,,8.91,
CMP-00474,Q3_Winter_CMP-00474,2023-03-17,2023-03-21,Email,95433,651,824.39,9.671487535136258,No,0.68,1.27,1.49,85.24
CMP-00475,Q4_Summer_CMP-00475,2023-02-08,2023-03-05,Email,24546,670,332.02,42.72835966181099,Yes,2.73,0.5,6.38,7.77
CMP-00476,Q4_Summer_CMP-00476,2023-06-04,2023-06-14,Google Ads,28844,993,374.59,53.65273749818069,Yes,3.44,0.38,5.4,6.98
CMP-00477,Q1_BlackFriday_CMP-00477,2023-07-10,2023-08-07,Instagram,24644,717,1178.41,115.27967747186906,Yes,2.91,1.64,16.08,10.22
CMP-00478,Q1_Launch_CMP-00478,2023-03-17,2023-03-06,Instagram,35842,562,573.33,53.59551278361974,Yes,1.57,1.02,9.54,10.7
CMP-00479,Q4_Summer_CMP-00479,2023-01-29,2023-02-24,,71874,3039,2186.81,192.2441106539162,Yes,4.23,0.72,6.33,11.38
CMP-00480,Q1_Launch_CMP-00480,2023-02-19,2023-03-07,Email,32547,1583,1410.52,259.6657079130455,No,4.86,0.89,16.4,5.43
CMP-00481,Q2_Winter_CMP-00481,2023-08-26,2023-09-09,TikTok,65928,1691,2684.52,23.084167135993873,No,2.56,1.59,1.37,116.29
CMP-00482,Q1_BlackFriday_CMP-00482,2023-11-11,2023-11-20,Email,89875,3021,3295.67,130.22824121929162,Yes,3.36,1.09,,
CMP-00483,Q2_Winter_CMP-00483,2023-03-07,2023-04-01,TikTok,94645,3839,6819.79,641.5791148154905,No,4.06,,,10.63
CMP-00484,Q4_Summer_CMP-00484,2023-04-27,2023-04-29,Google Ads,56515,896,1388.24,102.70295011690693,No,1.59,1.55,11.46,13.52
CMP-00485,Q3_Winter_CMP-00485,2023-05-06,2023-05-20,Facebook,71467,3137,,492.4884751426077,Yes,4.39,1.96,15.7,12.46
CMP-00486,Q2_Winter_CMP-00486,2023-05-12,2023-05-23,TikTok,91956,1619,2931.13,274.0213239009627,No,1.76,1.81,16.93,10.7
CMP-00487,Q2_Winter_CMP-00487,2023-03-31,2023-04-16,Instagram,78775,3144,2303.7,,Yes,3.99,0.73,18.9,3.88
CMP-00488,Q3_Winter_CMP-00488,2023-01-21,2023-01-29,Instagram,30342,304,,6.7034048557608035,Yes,1.0,1.42,2.21,64.42
CMP-00489,Q4_Summer_CMP-00489,2023-07-11,2023-07-31,Google Ads,13636,245,,,No,1.8,0.33,16.19,2.07
CMP-00490,Q4_Summer_CMP-00490,2023-05-11,2023-05-23,Instagram,11926,346,686.77,,No,2.9,1.98,14.47,13.72
CMP-00491,Q1_BlackFriday_CMP-00491,2023-05-05,2023-05-11,Google Ads,88264,2526,1878.61,124.61986678870781,Yes,2.86,0.74,4.93,15.07
CMP-00492,Q1_BlackFriday_CMP-00492,2023-04-07,2023-04-13,TikTok,55843,2416,3455.25,451.8486083407701,Yes,4.33,1.43,,7.65
CMP-00493,Q4_Summer_CMP-00493,2023-12-06,2023-12-27,Google Ads,29986,1494,2604.88,129.67674574377244,No,4.98,1.74,8.68,20.09
CMP-00494,Q4_Summer_CMP-00494,2023-08-11,2023-08-19,TikTok,34880,342,195.89,61.09693207401318,Yes,0.98,0.57,17.86,3.21
CMP-00495,Q2_Winter_CMP-00495,2023-06-02,2023-06-11,TikTok,28527,491,,61.36105750819089,No,1.72,,12.5,13.93
CMP-00496,Q3_Winter_CMP-00496,2023-03-16,2023-04-04,Email,80289,1693,543.14,186.3690119638295,No,2.11,0.32,11.01,2.91
CMP-00497,Q1_Launch_CMP-00497,2023-10-20,2023-10-30,TikTok,61434,1631,1714.77,,Yes,2.65,,4.03,26.08
CMP-00498,Q2_Winter_CMP-00498,2023-11-21,2023-12-03,TikTok,88002,2395,2640.4,440.01478543194173,No,2.72,1.1,,6.0
CMP-00499,Q1_BlackFriday_CMP-00499,2023-01-12,2023-01-20,Email,30526,1328,1242.95,153.73693246564196,No,4.35,0.94,11.58,8.08
CMP-00500,Q3_Winter_CMP-00500,2023-12-06,2023-12-17,TikTok,47521,1885,2444.57,21.031995028685166,No,3.97,1.3,1.12,
CMP-00501,Q1_Launch_CMP-00501,2023-09-13,2023-10-04,TikTok,12612,73,135.43,0.9836065846448282,Yes,0.58,1.86,1.35,137.69
CMP-00502,Q4_Summer_CMP-00502,2023-02-06,2023-02-22,Facebook,97150,2474,2117.45,390.27398231478344,Yes,2.55,0.86,15.78,5.43
CMP-00503,Q1_BlackFriday_CMP-00503,2023-10-02,2023-10-31,Instagram,51430,1687,2167.36,68.77545934837524,Yes,3.28,1.28,4.08,31.51
CMP-00504,Q1_BlackFriday_CMP-00504,2023-02-09,2023-03-04,Facebook,55524,1427,,,No,2.57,1.79,12.38,14.48
CMP-00505,Q2_Winter_CMP-00505,2023-01-19,2023-01-20,Instagram,41659,453,731.18,63.15072446365769,No,1.09,1.61,13.94,11.58
CMP-00506,Q3_Winter_CMP-00506,2023-02-12,2023-02-23,Email,27456,628,231.89,39.61390255061464,No,2.29,0.37,,5.85
CMP-00507,Q3_Winter_CMP-00507,2023-06-17,2023-06-26,Instagram,94866,2231,4245.02,263.6364302475136,Yes,2.35,1.9,11.82,16.1
CMP-00508,Q2_Winter_CMP-00508,2023-08-15,2023-09-02,Facebook,49153,660,250.34,36.72844674702997,Yes,1.34,0.38,5.56,
CMP-00509,Q2_Winter_CMP-00509,2023-05-29,2023-06-06,Google Ads,67639,2640,3434.35,501.07181836776397,Yes,3.9,1.3,18.98,6.85
CMP-00510,Q2_Winter_CMP-00510,2023-02-14,2023-03-15,Facebook,4212,81,103.53,14.048018706213682,No,1.92,1.28,17.34,7.37
CMP-00511,Q1_BlackFriday_CMP-00511,2023-03-23,2023-03-14,TikTok,27955,880,,,Yes,3.15,1.64,6.47,
CMP-00512,Q4_Summer_CMP-00512,2023-11-08,2023-11-24,Instagram,80498,2270,1253.84,250.7776899468815,No,2.82,0.55,11.05,5.0
CMP-00513,Q1_BlackFriday_CMP-00513,2023-12-18,2023-12-22,,9239,410,248.02,43.099299572289254,Yes,4.44,0.6,10.51,5.75
CMP-00514,Q1_BlackFriday_CMP-00514,2023-10-03,2023-10-30,Email,10592,111,175.22,21.356890510167062,Yes,1.05,,19.24,
CMP-00515,Q1_BlackFriday_CMP-00515,2023-02-07,2023-03-06,Instagram,81078,822,455.52,,No,1.01,,8.49,
CMP-00516,Q1_Launch_CMP-00516,2023-10-27,2023-11-20,Facebook,31220,578,634.68,67.52383004854046,Yes,1.85,1.1,11.68,9.4
CMP-00517,Q1_BlackFriday_CMP-00517,2023-09-10,2023-09-21,Email,27750,677,1045.15,126.22952930037106,Yes,2.44,1.54,18.65,
CMP-00518,Q1_Launch_CMP-00518,2023-07-12,2023-07-14,Google Ads,56748,1046,1471.84,42.817068310829164,No,1.84,1.41,4.09,34.38
CMP-00519,Q3_Winter_CMP-00519,2023-02-22,2023-03-15,Email,19894,782,514.58,89.61115093509547,Yes,3.93,0.66,11.46,5.74
CMP-00520,Q3_Winter_CMP-00520,2023-12-30,2024-01-12,Email,4776,76,,2.28591697002482,No,1.59,0.82,3.01,
CMP-00521,Q2_Winter_CMP-00521,2023-06-11,2023-07-10,Email,942,8,,1.0185983763641209,No,0.85,1.95,,15.3
CMP-00522,Q1_Launch_CMP-00522,2023-01-17,2023-02-07,TikTok,8392,198,210.42,15.737002111419114,No,2.36,1.06,,13.37
CMP-00523,Q1_Launch_CMP-00523,2023-03-18,2023-04-03,Email,16273,647,,125.42150247596831,Yes,3.98,0.38,19.39,
CMP-00524,Q1_BlackFriday_CMP-00524,2023-05-27,2023-06-25,TikTok,69763,3019,2032.68,268.4728603986062,Yes,4.33,0.67,8.89,7.57
CMP-00525,Q2_Winter_CMP-00525,2023-01-23,2023-02-16,Email,30146,1145,1010.05,41.07762054719832,No,3.8,0.88,3.59,24.59
CMP-00526,Q2_Winter_CMP-00526,2023-04-29,2023-05-13,TikTok,7641,230,459.8,38.745798292571266,Yes,3.01,2.0,16.85,
CMP-00527,Q1_BlackFriday_CMP-00527,2023-06-21,2023-06-20,Google Ads,1935,72,58.65,11.949456338665467,No,3.72,0.81,16.6,4.91
CMP-00528,Q1_Launch_CMP-00528,2023-12-13,2023-12-16,Google Ads,47969,1710,589.73,242.8598903894507,No,3.56,0.34,14.2,2.43
CMP-00529,Q1_BlackFriday_CMP-00529,2023-02-01,2023-02-14,Google Ads,84092,1307,1531.76,199.02243476191035,Yes,1.55,,15.23,7.7
CMP-00530,Q1_BlackFriday_CMP-00530,2023-07-30,2023-08-16,Email,34200,1018,450.09,,Yes,2.98,,6.03,
CMP-00531,Q3_Winter_CMP-00531,2023-12-01,2023-12-02,Instagram,6853,271,207.56,35.76933473676901,No,3.95,0.77,13.2,5.8
CMP-00532,Q1_Launch_CMP-00532,2023-10-22,2023-10-26,Facebook,23193,446,886.22,7.681803885945056,Yes,1.92,1.99,1.72,115.37
CMP-00533,Q1_Launch_CMP-00533,2023-12-04,2023-12-25,Facebook,50187,1727,2586.85,81.87556291463704,Yes,3.44,1.5,4.74,31.59
CMP-00534,Q2_Winter_CMP-00534,2023-03-04,2023-03-26,TikTok,19283,514,,96.18641084803446,No,2.67,0.39,18.71,
CMP-00535,Q3_Winter_CMP-00535,2023-10-20,2023-10-21,,97858,2705,2874.79,406.97998093563245,Yes,2.76,1.06,15.05,7.06
CMP-00536,Q1_Launch_CMP-00536,2023-12-24,2024-01-08,Facebook,76459,692,409.51,37.24882568926762,Yes,0.91,0.59,,10.99
CMP-00537,Q3_Winter_CMP-00537,2023-04-30,2023-05-03,Google Ads,34785,1216,618.95,37.893949002536324,No,3.5,0.51,3.12,
CMP-00538,Q1_Launch_CMP-00538,2023-07-23,2023-07-02,Facebook,95178,4183,,796.002707198139,No,4.39,1.3,19.03,6.82
CMP-00539,Q3_Winter_CMP-00539,2023-07-13,2023-08-07,Facebook,32839,373,432.54,11.680739893681608,Yes,1.14,1.16,3.13,
CMP-00540,Q1_Launch_CMP-00540,2023-06-30,2023-07-26,Facebook,14447,310,484.49,,No,2.15,1.56,,26.56
CMP-00541,Q4_Summer_CMP-00541,2023-04-16,2023-05-04,Email,93859,674,1224.6,30.128109143510482,No,0.72,1.82,4.47,40.65
CMP-00542,Q1_Launch_CMP-00542,2023-12-21,2024-01-09,Instagram,95988,607,436.65,6.930802408089199,Yes,0.63,0.72,1.14,
CMP-00543,Q1_Launch_CMP-00543,2023-12-16,2024-01-12,TikTok,31609,1565,2925.12,109.05797507805339,Yes,4.95,1.87,6.97,26.82
CMP-00544,Q1_Launch_CMP-00544,2023-05-19,2023-06-06,Facebook,59678,1623,1916.09,,No,2.72,1.18,,6.05
CMP-00545,Q1_BlackFriday_CMP-00545,2023-10-21,2023-11-03,Instagram,17742,372,,27.885725654605313,Yes,2.1,0.74,7.5,9.87
CMP-00546,Q1_Launch_CMP-00546,2023-05-26,2023-06-17,Google Ads,64345,1117,1941.16,118.1986245694456,No,1.74,1.74,10.58,16.42
CMP-00547,Q3_Winter_CMP-00547,2023-10-18,2023-11-05,Facebook,69166,3396,1223.92,515.2676052176902,Yes,4.91,0.36,15.17,2.38
CMP-00548,Q3_Winter_CMP-00548,2023-08-27,2023-08-02,Facebook,71137,1163,1455.11,133.40217015644438,Yes,1.63,1.25,11.47,10.91
CMP-00549,Q3_Winter_CMP-00549,2023-06-21,2023-07-07,Google Ads,57089,2149,3281.0,,Yes,3.76,1.53,15.13,10.09
CMP-00550,Q4_Summer_CMP-00550,2023-02-16,2023-03-14,Email,70559,1253,972.28,170.04565114011598,Yes,1.78,,13.57,5.72
CMP-00551,Q1_BlackFriday_CMP-00551,2023-08-27,2023-08-29,Google Ads,55727,455,804.41,57.16027333826484,No,0.82,,12.56,14.07
CMP-00552,Q2_Winter_CMP-00552,2023-04-28,2023-04-30,TikTok,82071,2933,2077.98,391.3598465218892,Yes,3.57,,13.34,5.31
CMP-00553,Q1_BlackFriday_CMP-00553,2023-03-21,2023-03-24,,18368,93,160.68,15.051234277922696,No,0.51,1.73,16.18,10.68
CMP-00554,Q2_Winter_CMP-00554,2023-03-12,2023-03-29,Instagram,48605,1721,746.1,,Yes,3.54,0.43,14.49,
CMP-00555,Q1_BlackFriday_CMP-00555,2023-12-25,2024-01-15,Email,41931,682,390.02,109.41819422497872,No,1.63,0.57,16.04,3.56
CMP-00556,Q3_Winter_CMP-00556,2023-02-07,2023-02-14,Email,53569,2066,1957.89,,No,3.86,0.95,3.77,25.16
CMP-00557,Q4_Summer_CMP-00557,2023-10-19,2023-10-24,TikTok,14637,580,1016.1,80.47964534470155,Yes,3.96,1.75,13.88,12.63
CMP-00558,Q1_BlackFriday_CMP-00558,2023-11-13,2023-12-08,TikTok,32720,1229,670.78,184.39198674713526,Yes,3.76,0.55,15.0,
CMP-00559,Q4_Summer_CMP-00559,2023-01-12,2023-02-03,Instagram,95436,582,1040.76,38.99028810549996,No,0.61,1.79,6.7,26.69
CMP-00560,Q1_BlackFriday_CMP-00560,2023-08-23,2023-08-04,Email,10973,402,277.6,70.82021630066991,No,3.66,0.69,17.62,3.92
CMP-00561,Q3_Winter_CMP-00561,2023-07-30,2023-08-14,Instagram,63713,3157,3375.67,214.3451610090588,Yes,4.96,1.07,6.79,
CMP-00562,Q1_Launch_CMP-00562,2023-05-11,2023-05-24,Facebook,66631,1060,953.63,59.70778884242655,Yes,1.59,0.9,5.63,15.97
CMP-00563,Q3_Winter_CMP-00563,2023-09-01,2023-09-02,Instagram,47714,827,414.17,144.51692261645275,No,1.73,0.5,17.47,
CMP-00564,Q1_Launch_CMP-00564,2023-05-30,2023-06-05,Instagram,3844,159,302.95,9.052469309497251,Yes,4.14,1.91,5.69,33.47
CMP-00565,Q1_BlackFriday_CMP-00565,2023-06-10,2023-07-07,Email,3918,47,49.11,4.180436989515975,No,1.2,,8.89,11.75
CMP-00566,Q2_Winter_CMP-00566,2023-06-07,2023-06-17,Instagram,27925,969,1427.88,,Yes,3.47,1.47,7.99,18.44
CMP-00567,Q2_Winter_CMP-00567,2023-10-20,2023-11-10,TikTok,10700,417,532.91,75.32343820129192,Yes,3.9,1.28,18.06,7.07
CMP-00568,Q2_Winter_CMP-00568,2023-08-20,2023-09-10,Google Ads,9875,65,74.94,6.272161367856358,No,0.66,,9.65,
CMP-00569,Q4_Summer_CMP-00569,2023-05-19,2023-05-28,Email,16432,491,661.96,69.68208038720395,Yes,2.99,1.35,,9.5
CMP-00570,Q3_Winter_CMP-00570,2023-12-05,2023-12-11,Email,19477,602,1099.96,96.84216991316116,No,3.09,1.83,16.09,11.36
CMP-00571,Q1_BlackFriday_CMP-00571,2023-10-20,2023-11-10,Facebook,83928,1565,2330.02,202.35712973517286,Yes,1.86,,12.93,11.51
CMP-00572,Q3_Winter_CMP-00572,2023-12-07,2023-12-10,Google Ads,64053,2846,3430.05,538.7533630242144,Yes,4.44,1.21,18.93,
CMP-00573,Q2_Winter_CMP-00573,2023-09-24,2023-10-09,Google Ads,3525,43,,6.986486514021587,Yes,1.22,1.4,16.25,8.6
CMP-00574,Q1_Launch_CMP-00574,2023-05-23,2023-06-18,TikTok,63033,1348,1794.01,115.98092148008594,Yes,2.14,1.33,8.6,15.47
CMP-00575,Q1_Launch_CMP-00575,2023-10-10,2023-10-31,Facebook,14102,609,631.11,116.10843838334652,No,4.32,,19.07,5.44
CMP-00576,Q2_Winter_CMP-00576,2023-05-01,2023-05-24,Email,42394,575,783.21,63.05980053489325,No,1.36,1.36,10.97,12.42
CMP-00577,Q1_BlackFriday_CMP-00577,2023-04-09,2023-04-12,,4285,179,188.68,2.5578547533559095,No,4.18,1.05,1.43,73.76
CMP-00578,Q3_Winter_CMP-00578,2023-06-14,2023-06-20,Instagram,9472,81,128.62,4.811604373858081,Yes,0.86,1.59,,26.73
CMP-00579,Q1_BlackFriday_CMP-00579,2023-12-20,2023-12-28,Email,13693,369,718.5,47.27946134718276,Yes,2.69,1.95,12.81,
CMP-00580,Q1_Launch_CMP-00580,2023-07-27,2023-08-05,Google Ads,43620,365,705.1,14.525113476199689,Yes,0.84,1.93,3.98,48.54
CMP-00581,Q1_Launch_CMP-00581,2023-05-21,2023-05-27,Google Ads,46576,1653,2802.25,199.96825085960845,No,3.55,1.7,12.1,
CMP-00582,Q1_BlackFriday_CMP-00582,2023-06-18,2023-07-17,,35598,1444,1910.4,113.64803340029388,Yes,4.06,1.32,7.87,16.81
CMP-00583,Q1_Launch_CMP-00583,2023-04-17,2023-04-22,Facebook,62206,2690,,300.0244188577838,Yes,4.32,1.57,11.15,14.11
CMP-00584,Q1_Launch_CMP-00584,2023-08-29,2023-09-19,Email,72185,3548,2138.32,36.74387244831723,Yes,4.92,0.6,1.04,58.2
CMP-00585,Q3_Winter_CMP-00585,2023-05-08,2023-05-26,TikTok,73008,2572,2866.06,440.3265475994996,Yes,3.52,1.11,17.12,6.51
CMP-00586,Q1_BlackFriday_CMP-00586,2023-07-22,2023-08-09,Google Ads,58113,2301,1696.8,181.24020400058325,No,3.96,,7.88,9.36
CMP-00587,Q4_Summer_CMP-00587,2023-05-15,2023-05-22,,54782,1520,465.03,,No,2.77,0.31,3.66,8.35
CMP-00588,Q1_Launch_CMP-00588,2023-04-28,2023-05-07,Email,49410,2276,4423.3,212.13233320327677,No,4.61,1.94,9.32,20.85
CMP-00589,Q1_BlackFriday_CMP-00589,2023-12-21,2024-01-08,Facebook,24174,821,1451.97,84.04879601132323,Yes,3.4,1.77,10.24,17.28
CMP-00590,Q1_BlackFriday_CMP-00590,2023-05-07,2023-05-16,Email,48954,2191,2570.67,287.25437435245846,Yes,4.48,1.17,13.11,8.95
CMP-00591,Q1_BlackFriday_CMP-00591,2023-01-26,2023-02-16,TikTok,1504,23,16.84,2.522337864339462,Yes,1.53,0.73,10.97,
CMP-00592,Q1_BlackFriday_CMP-00592,2023-05-19,2023-05-21,Email,96646,2643,3906.51,48.286237206616846,No,2.73,1.48,1.83,
CMP-00593,Q2_Winter_CMP-00593,2023-07-14,2023-07-17,TikTok,37324,1412,1467.3,247.92932576702273,No,3.78,1.04,17.56,5.92
CMP-00594,Q1_BlackFriday_CMP-00594,2023-02-04,2023-02-26,Instagram,75751,1069,1780.63,103.41152913524971,Yes,1.41,1.67,9.67,17.22
CMP-00595,Q2_Winter_CMP-00595,2023-04-22,2023-05-10,Instagram,95692,1388,2774.86,34.18321537240511,No,1.45,2.0,2.46,81.18
CMP-00596,Q1_BlackFriday_CMP-00596,2023-03-02,2023-03-04,Facebook,49949,2448,2187.14,383.9378693744546,Yes,4.9,,15.68,
CMP-00597,Q3_Winter_CMP-00597,2023-07-02,2023-07-29,TikTok,86251,2118,,286.8393412066823,Yes,2.46,0.72,,5.28
CMP-00598,Q4_Summer_CMP-00598,2023-09-21,2023-09-22,Google Ads,48182,635,479.14,84.70466728460661,Yes,1.32,0.75,13.34,5.66
CMP-00599,Q4_Summer_CMP-00599,2023-12-20,2024-01-17,TikTok,13662,272,124.76,24.782915609693795,Yes,1.99,,9.11,5.03
CMP-00600,Q4_Summer_CMP-00600,2023-06-14,2023-05-23,Facebook,3134,71,68.86,6.247605374757133,No,2.27,0.97,8.8,11.02
CMP-00601,Q4_Summer_CMP-00601,2023-11-12,2023-12-11,TikTok,13994,462,152.29,51.69980550208095,No,3.3,,11.19,2.95
CMP-00602,Q4_Summer_CMP-00602,2023-03-20,2023-04-17,,94279,4387,2169.25,86.04196098378954,No,4.65,,,25.21
CMP-00603,Q4_Summer_CMP-00603,2023-10-12,2023-10-22,Email,47773,2359,1797.28,,No,4.94,0.76,,11.41
CMP-00604,Q1_Launch_CMP-00604,2023-07-25,2023-08-16,TikTok,32257,1107,632.95,,No,3.43,0.57,19.77,2.89
CMP-00605,Q1_BlackFriday_CMP-00605,2023-10-04,2023-10-11,Instagram,44883,1638,2530.17,222.46754646643976,Yes,3.65,1.54,13.58,11.37
CMP-00606,Q3_Winter_CMP-00606,2023-10-03,2023-10-17,Instagram,25965,505,242.16,45.24673317179205,Yes,1.94,,8.96,5.35
CMP-00607,Q2_Winter_CMP-00607,2023-07-14,2023-07-21,Email,87120,3796,6727.23,,Yes,4.36,1.77,,
CMP-00608,Q3_Winter_CMP-00608,2023-04-04,2023-04-19,TikTok,99941,1479,999.65,224.20128278758463,No,1.48,0.68,,4.46
CMP-00609,Q1_BlackFriday_CMP-00609,2023-07-12,2023-08-07,Email,8949,87,,5.172598819443343,No,0.97,-0.48,5.95,-8.15
CMP-00610,Q1_BlackFriday_CMP-00610,2023-11-11,2023-10-29,Email,72009,3513,1114.26,,No,4.88,0.32,4.09,7.76
CMP-00611,Q1_BlackFriday_CMP-00611,2023-12-21,2023-12-24,Facebook,33892,1487,2254.07,58.52509476319318,Yes,4.39,1.52,,38.51
CMP-00612,Q3_Winter_CMP-00612,2023-12-05,2023-12-15,Google Ads,5212,97,71.42,14.410322235006019,Yes,1.86,0.74,14.86,4.96
CMP-00613,Q4_Summer_CMP-00613,2023-03-08,2023-03-31,Instagram,92259,3264,3806.31,431.28520729969097,No,3.54,1.17,13.21,8.83
CMP-00614,Q2_Winter_CMP-00614,2023-08-07,2023-08-23,Google Ads,6657,173,84.73,4.02452648633235,Yes,2.6,0.49,2.33,21.05
CMP-00615,Q4_Summer_CMP-00615,2023-02-08,2023-02-25,Facebook,20987,410,,13.061835316715575,Yes,1.95,-1.98,3.19,-61.99
CMP-00616,Q4_Summer_CMP-00616,2023-09-02,2023-09-15,Instagram,3037,54,27.71,7.043268859047701,Yes,1.78,0.51,13.04,3.93
CMP-00617,Q2_Winter_CMP-00617,2024-01-07,2023-12-29,Instagram,47392,527,527.14,62.455855280459275,Yes,1.11,1.0,11.85,8.44
CMP-00618,Q2_Winter_CMP-00618,2023-01-20,2023-02-07,Email,60162,1787,3123.33,250.7872609680418,No,2.97,1.75,14.03,12.45
CMP-00619,Q1_Launch_CMP-00619,2023-08-28,2023-09-16,Email,32406,813,582.36,35.63167017487308,No,2.51,,,16.34
CMP-00620,Q1_Launch_CMP-00620,2023-12-12,2024-01-08,Google Ads,7620,213,160.57,31.535012564608756,No,2.8,0.75,14.81,5.09
CMP-00621,Q3_Winter_CMP-00621,2023-11-06,2023-11-24,Google Ads,12057,177,296.38,33.25092419632639,Yes,1.47,,18.79,
CMP-00622,Q3_Winter_CMP-00622,2023-06-22,2023-05-24,Instagram,93372,4410,3372.23,547.7200585492462,Yes,4.72,0.76,12.42,6.16
CMP-00623,Q1_Launch_CMP-00623,2023-02-07,2023-03-03,Instagram,80688,2722,829.89,128.65452355885498,No,3.37,0.3,4.73,6.45
CMP-00624,Q3_Winter_CMP-00624,2023-12-04,2023-12-07,TikTok,93722,4262,4379.01,592.9010231319638,Yes,4.55,1.03,13.91,7.39
CMP-00625,Q4_Summer_CMP-00625,2023-12-03,2023-12-15,Google Ads,53314,528,169.65,,Yes,0.99,0.32,7.52,
CMP-00626,Q2_Winter_CMP-00626,2023-07-31,2023-08-12,Facebook,54832,1811,3344.28,35.069420653862885,No,3.3,1.85,1.94,95.36
CMP-00627,Q2_Winter_CMP-00627,2023-12-24,2023-12-25,Facebook,78706,3402,,229.44568590194794,Yes,4.32,1.39,6.74,
CMP-00628,Q2_Winter_CMP-00628,2023-01-02,2023-01-08,TikTok,61855,1230,1588.08,223.93523832574584,Yes,1.99,1.29,18.21,7.09
CMP-00629,Q3_Winter_CMP-00629,2023-09-06,2023-08-14,TikTok,43925,605,388.83,53.31046485422834,No,1.38,0.64,8.81,7.29
CMP-00630,Q2_Winter_CMP-00630,2023-01-15,2023-01-26,Email,29543,500,744.95,87.14320711295379,No,1.69,1.49,17.43,
CMP-00631,Q4_Summer_CMP-00631,2023-12-13,2023-12-08,Instagram,48807,843,1223.47,89.90196705204553,Yes,1.73,1.45,10.66,13.61
CMP-00632,Q2_Winter_CMP-00632,2023-09-06,2023-09-15,Google Ads,6865,172,,18.614840679199727,Yes,2.51,0.4,10.82,3.72
CMP-00633,Q3_Winter_CMP-00633,2023-11-30,2023-12-08,Facebook,19648,386,693.81,4.2425649868993505,No,1.96,1.8,1.1,163.54
CMP-00634,Q2_Winter_CMP-00634,2023-07-25,2023-07-31,Instagram,73877,1271,1633.24,166.5642626585539,No,1.72,1.29,13.1,9.81
CMP-00635,Q1_Launch_CMP-00635,2023-01-31,2023-02-03,Email,86871,2969,4890.52,90.50886812011036,No,3.42,1.65,3.05,54.03
CMP-00636,Q4_Summer_CMP-00636,2023-01-10,2023-02-02,TikTok,10627,78,58.26,7.875051505588044,Yes,0.73,0.75,10.1,7.4
CMP-00637,Q2_Winter_CMP-00637,2023-05-03,2023-05-27,Facebook,10142,206,104.54,12.248801730457993,No,2.03,0.51,5.95,8.53
CMP-00638,Q2_Winter_CMP-00638,2023-09-29,2023-10-14,TikTok,9012,324,484.11,27.395095376452623,No,3.6,1.49,8.46,17.67
CMP-00639,Q4_Summer_CMP-00639,2023-03-15,2023-02-25,Email,79262,1023,1687.54,,Yes,1.29,1.65,11.2,
CMP-00640,Q1_BlackFriday_CMP-00640,2023-11-08,2023-12-05,Instagram,31466,470,449.44,5.991645433956174,Yes,1.49,0.96,,75.01
CMP-00641,Q4_Summer_CMP-00641,2023-03-29,2023-04-23,TikTok,33013,463,157.55,29.664817820404657,No,1.4,0.34,6.41,
CMP-00642,Q1_BlackFriday_CMP-00642,2023-07-01,2023-07-02,TikTok,1740,8,13.53,1.5842101401236348,No,0.46,,19.8,8.54
CMP-00643,Q1_BlackFriday_CMP-00643,2023-03-16,2023-04-13,Google Ads,97273,2560,,53.5189347991202,No,2.63,0.65,2.09,31.11
CMP-00644,Q3_Winter_CMP-00644,2023-06-20,2023-06-22,TikTok,43686,295,258.52,20.852005011220495,No,0.68,0.88,7.07,12.4
CMP-00645,Q4_Summer_CMP-00645,2023-06-15,2023-06-16,Facebook,79845,1379,1886.46,98.00564065548748,No,1.73,1.37,7.11,
CMP-00646,Q2_Winter_CMP-00646,2023-01-02,2023-01-14,Facebook,70914,3529,1658.36,289.6720538446266,Yes,4.98,0.47,8.21,5.72
CMP-00647,Q3_Winter_CMP-00647,2023-07-27,2023-08-18,Email,14606,676,285.54,94.71326116473483,Yes,4.63,0.42,14.01,
CMP-00648,Q3_Winter_CMP-00648,2023-10-15,2023-10-18,Google Ads,80234,1177,,67.17294569947137,No,1.47,0.34,5.71,6.02
CMP-00649,Q1_BlackFriday_CMP-00649,2023-12-08,2023-12-17,Instagram,55255,1047,1945.63,102.03138062898499,Yes,1.89,1.86,9.75,19.07
CMP-00650,Q1_BlackFriday_CMP-00650,2023-05-01,2023-05-09,Google Ads,60628,1568,1300.42,207.79775383668164,Yes,2.59,,13.25,
CMP-00651,Q3_Winter_CMP-00651,2023-11-18,2023-11-30,Instagram,20431,878,1249.5,62.54976577037515,No,4.3,1.42,7.12,19.98
CMP-00652,Q4_Summer_CMP-00652,2023-11-17,2023-12-16,Facebook,84763,3485,,663.0797641802301,Yes,4.11,1.98,,10.42
CMP-00653,Q2_Winter_CMP-00653,2023-12-27,2024-01-06,Facebook,93200,995,1430.88,195.1571116359139,No,1.07,1.44,19.61,7.33
CMP-00654,Q1_BlackFriday_CMP-00654,2023-05-17,2023-05-24,TikTok,40946,434,517.61,,Yes,1.06,1.19,3.27,36.43
CMP-00655,Q3_Winter_CMP-00655,2023-11-07,2023-11-11,Instagram,9701,230,272.68,17.324928948315403,Yes,2.37,1.19,7.53,15.74
CMP-00656,Q3_Winter_CMP-00656,2023-07-26,2023-08-01,Facebook,84952,3750,,185.68009973711366,Yes,4.41,0.94,4.95,19.0
CMP-00657,Q4_Summer_CMP-00657,2023-01-22,2023-01-26,TikTok,88795,3968,5236.27,180.50441188242027,No,4.47,1.32,4.55,29.01
CMP-00658,Q4_Summer_CMP-00658,2023-04-09,2023-04-26,Google Ads,50894,500,,51.64308464213655,No,0.98,1.93,,18.69
CMP-00659,Q1_Launch_CMP-00659,2023-09-03,2023-09-16,Email,58125,1792,2938.3,209.89185377776357,Yes,3.08,1.64,11.71,
CMP-00660,Q2_Winter_CMP-00660,2023-02-28,2023-03-15,TikTok,22692,272,277.76,24.717697458083926,Yes,1.2,1.02,9.09,11.24
CMP-00661,Q1_Launch_CMP-00661,2023-06-08,2023-07-03,Email,7213,258,223.21,15.940639879232622,Yes,3.58,0.87,6.18,14.0
CMP-00662,Q4_Summer_CMP-00662,2023-10-10,2023-10-27,Google Ads,94442,4366,,274.7877407063643,No,4.62,1.8,6.29,
CMP-00663,Q1_Launch_CMP-00663,2023-02-24,2023-03-01,Google Ads,48554,1236,656.11,245.35137623505724,No,2.55,0.53,19.85,2.67
CMP-00664,Q2_Winter_CMP-00664,2023-07-01,2023-07-12,Email,27859,243,423.86,45.07618435712987,No,0.87,1.74,,9.4
CMP-00665,Q3_Winter_CMP-00665,2023-03-20,2023-03-30,Google Ads,69476,2158,1583.17,52.70004278245623,Yes,3.11,0.73,2.44,30.04
CMP-00666,Q4_Summer_CMP-00666,2023-07-15,2023-08-08,Email,3107,72,109.19,9.701612919306998,No,2.32,1.52,13.47,11.25
CMP-00667,Q3_Winter_CMP-00667,2023-03-29,2023-04-07,Facebook,8454,350,584.7,33.882360897742146,Yes,4.14,1.67,9.68,17.26
CMP-00668,Q1_BlackFriday_CMP-00668,2023-12-19,2023-12-24,Google Ads,24646,500,555.45,70.4373392339204,Yes,2.03,1.11,14.09,7.89
CMP-00669,Q1_BlackFriday_CMP-00669,2023-01-28,2023-02-19,Facebook,45339,2011,1260.66,248.20271597999007,Yes,4.44,0.63,12.34,5.08
CMP-00670,Q1_Launch_CMP-00670,2023-12-18,2023-12-31,,36985,640,1111.11,114.53309185002198,Yes,1.73,1.74,17.9,9.7
CMP-00671,Q1_BlackFriday_CMP-00671,2023-10-17,2023-10-20,Google Ads,19141,231,213.62,5.25011711413653,Yes,1.21,0.92,2.27,40.69
CMP-00672,Q4_Summer_CMP-00672,2023-11-09,2023-11-30,TikTok,35459,666,562.87,50.89811979178205,No,1.88,0.85,7.64,11.06
CMP-00673,Q4_Summer_CMP-00673,2023-11-07,2023-11-14,Facebook,33724,221,257.91,,Yes,0.66,1.17,19.72,5.92
CMP-00674,Q1_Launch_CMP-00674,2023-03-10,2023-04-05,,52704,930,966.87,,No,1.76,,4.46,23.29
CMP-00675,Q4_Summer_CMP-00675,2023-12-06,2023-12-31,Instagram,56492,1960,,67.01897287227543,No,3.47,1.46,3.42,42.73
CMP-00676,Q4_Summer_CMP-00676,2023-08-05,2023-08-16,,88371,1007,536.97,,Yes,1.14,0.53,14.85,3.59
CMP-00677,Q3_Winter_CMP-00677,2023-12-18,2024-01-04,Email,80774,808,840.86,127.431845765881,Yes,1.0,1.04,15.77,6.6
CMP-00678,Q1_Launch_CMP-00678,2023-11-17,2023-12-04,Email,29587,324,588.35,44.62515959485208,No,1.1,1.82,13.77,13.18
CMP-00679,Q3_Winter_CMP-00679,2023-07-31,2023-08-19,Facebook,90315,766,,120.62754091771953,Yes,0.85,0.36,15.75,
CMP-00680,Q1_BlackFriday_CMP-00680,2023-05-17,2023-05-20,Email,52316,2320,2499.74,328.99246897867033,Yes,4.43,1.08,14.18,7.6
CMP-00681,Q4_Summer_CMP-00681,2023-02-12,2023-02-22,Instagram,19173,910,1294.84,32.574750967798664,Yes,4.75,,3.58,39.75
CMP-00682,Q1_Launch_CMP-00682,2023-02-06,2023-02-11,TikTok,34343,243,439.61,30.51160500658267,No,0.71,1.81,12.56,14.41
CMP-00683,Q1_BlackFriday_CMP-00683,2023-05-23,2023-06-13,Instagram,74305,2912,,458.95033092653813,No,3.92,1.31,,8.31
CMP-00684,Q1_BlackFriday_CMP-00684,2023-10-24,2023-10-27,Instagram,82266,3140,5343.1,547.7672073331775,No,3.82,,,
CMP-00685,Q1_Launch_CMP-00685,2023-07-04,2023-07-19,TikTok,37725,1881,,106.81201338273029,No,4.99,,5.68,11.95
CMP-00686,Q1_BlackFriday_CMP-00686,2023-06-25,2023-07-17,Facebook,16181,334,300.53,11.426756089159657,Yes,2.06,0.9,3.42,26.3
CMP-00687,Q3_Winter_CMP-00687,2023-03-31,2023-04-28,Email,19592,349,663.67,55.28410731396086,No,1.78,1.9,15.84,12.0
CMP-00688,Q3_Winter_CMP-00688,2023-07-26,2023-08-04,Instagram,10799,274,494.89,16.09590684255674,No,2.54,1.81,,30.75
CMP-00689,Q3_Winter_CMP-00689,2023-08-21,2023-08-22,TikTok,70024,3049,,48.98706608607324,Yes,4.35,1.25,1.61,
CMP-00690,Q4_Summer_CMP-00690,2023-12-25,2024-01-15,Instagram,50548,1910,2116.91,318.5700022483325,No,3.78,1.11,16.68,6.65
CMP-00691,Q1_BlackFriday_CMP-00691,2023-09-24,2023-09-25,TikTok,45392,1190,1269.51,126.30459535463545,No,2.62,1.07,10.61,10.05
CMP-00692,Q4_Summer_CMP-00692,2023-08-10,2023-08-12,TikTok,67352,1077,430.74,77.60893788882798,Yes,1.6,0.4,7.21,5.55
CMP-00693,Q1_BlackFriday_CMP-00693,2023-11-29,2023-12-28,Instagram,82952,3128,5683.7,38.072545821214305,Yes,3.77,1.82,1.22,149.29
CMP-00694,Q1_BlackFriday_CMP-00694,2023-06-05,2023-07-01,Facebook,79654,3461,,,Yes,4.35,1.69,1.67,
CMP-00695,Q1_Launch_CMP-00695,2023-12-08,2023-12-29,,14145,325,349.58,52.1944869570982,No,2.3,1.08,16.06,6.7
CMP-00696,Q2_Winter_CMP-00696,2023-05-16,2023-06-10,Facebook,59167,2075,1608.22,213.81654514739782,Yes,3.51,0.78,10.3,
CMP-00697,Q4_Summer_CMP-00697,2023-02-16,2023-02-19,Email,88310,2031,1793.3,78.08624160301102,Yes,2.3,0.88,3.84,22.97
CMP-00698,Q3_Winter_CMP-00698,2023-06-02,2023-06-05,Instagram,77498,2056,1047.27,160.60663822855642,No,2.65,0.51,,6.52
CMP-00699,Q1_Launch_CMP-00699,2023-02-16,2023-02-25,Instagram,33276,952,1453.74,,No,2.86,,4.14,36.88
CMP-00700,Q1_Launch_CMP-00700,2023-02-13,2023-02-14,Google Ads,39574,1579,1967.97,49.65559476964779,No,3.99,1.25,3.14,
CMP-00701,Q3_Winter_CMP-00701,2023-11-18,2023-12-14,,89074,4363,3045.27,272.6808941042448,No,4.9,0.7,6.25,11.17
CMP-00702,Q4_Summer_CMP-00702,2023-10-18,2023-10-20,Instagram,3770,94,,10.754222657678417,Yes,2.49,1.36,11.44,
CMP-00703,Q1_Launch_CMP-00703,2023-03-22,2023-04-07,Instagram,52779,1076,2114.01,53.69375090113167,Yes,2.04,1.96,4.99,39.37
CMP-00704,Q1_Launch_CMP-00704,2023-11-02,2023-11-27,TikTok,12051,262,133.11,19.727946426355704,No,2.17,,7.53,6.75
CMP-00705,Q1_Launch_CMP-00705,2023-01-26,2023-02-17,Facebook,89511,986,1064.31,99.39557180040315,Yes,1.1,1.08,10.08,10.71
CMP-00706,Q3_Winter_CMP-00706,2023-04-14,2023-04-21,TikTok,4352,79,90.07,7.094646385139109,Yes,1.82,1.14,8.98,12.7
CMP-00707,Q1_Launch_CMP-00707,2023-09-15,2023-09-29,Email,2827,25,14.59,0.8609820458261258,No,0.88,0.58,3.44,16.95
CMP-00708,Q3_Winter_CMP-00708,2023-04-21,2023-05-07,Email,33229,805,,13.994498955214096,Yes,2.42,1.2,1.74,
CMP-00709,Q3_Winter_CMP-00709,2023-09-24,2023-10-17,Google Ads,20416,255,339.19,4.267975320676091,No,1.25,1.33,1.67,79.47
CMP-00710,Q3_Winter_CMP-00710,2023-11-16,2023-11-29,Google Ads,49801,1025,581.67,78.44736376092715,No,2.06,0.57,7.65,7.41
CMP-00711,Q4_Summer_CMP-00711,2023-01-25,2023-02-03,Email,30307,1233,694.22,180.72376293893862,No,4.07,0.56,14.66,3.84
CMP-00712,Q3_Winter_CMP-00712,2023-01-09,2023-02-02,TikTok,35953,577,1013.09,,Yes,1.6,1.76,3.49,50.25
CMP-00713,Q4_Summer_CMP-00713,2024-01-05,2023-12-10,TikTok,56709,1845,1530.17,,Yes,3.25,0.83,15.95,5.2
CMP-00714,Q4_Summer_CMP-00714,2023-07-09,2023-07-24,Instagram,56279,2563,3515.33,374.1419184065591,Yes,4.55,1.37,,9.4
CMP-00715,Q1_BlackFriday_CMP-00715,2023-07-04,2023-07-05,Facebook,93525,2853,3895.81,30.66764810436326,No,3.05,1.37,,127.03
CMP-00716,Q4_Summer_CMP-00716,2023-06-19,2023-07-04,Google Ads,48320,662,1143.0,9.984347463656478,Yes,1.37,,1.51,
CMP-00717,Q3_Winter_CMP-00717,2023-06-08,2023-07-04,Instagram,56641,1161,,,Yes,2.05,,4.71,33.11
CMP-00718,Q3_Winter_CMP-00718,2023-10-08,2023-09-09,Instagram,67955,2145,3708.66,44.322077298665924,No,3.16,1.73,2.07,83.68
CMP-00719,Q2_Winter_CMP-00719,2023-07-31,2023-08-12,Google Ads,17836,495,674.62,54.92281905067227,Yes,2.78,1.36,11.1,
CMP-00720,Q3_Winter_CMP-00720,2023-03-01,2023-03-06,Instagram,66862,781,831.04,13.690289327814316,Yes,1.17,1.06,1.75,60.7
CMP-00721,Q1_Launch_CMP-00721,2023-08-17,2023-09-03,Google Ads,86260,2165,2098.02,351.8183654594069,Yes,2.51,0.97,,
CMP-00722,Q1_BlackFriday_CMP-00722,2023-09-01,2023-09-26,Facebook,32147,946,893.36,98.06500227231999,Yes,2.94,0.94,10.37,9.11
CMP-00723,Q1_BlackFriday_CMP-00723,2023-02-11,2023-03-11,Google Ads,18244,310,313.49,45.97651219700893,Yes,1.7,1.01,14.83,6.82
CMP-00724,Q1_Launch_CMP-00724,2023-05-18,2023-05-20,TikTok,34948,1137,,173.54427207866976,Yes,3.25,0.52,15.26,3.41
CMP-00725,Q4_Summer_CMP-00725,2023-10-16,2023-10-25,Facebook,27866,227,231.71,24.126728717977134,No,0.81,,10.63,
CMP-00726,Q1_Launch_CMP-00726,2023-08-14,2023-08-28,Facebook,58722,1183,1138.11,219.8238136954916,No,2.01,0.96,18.58,5.18
CMP-00727,Q4_Summer_CMP-00727,2023-02-19,2023-02-22,Email,86441,3560,1277.23,705.3988594357304,No,4.12,0.36,19.81,1.81
CMP-00728,Q1_Launch_CMP-00728,2023-01-15,2023-02-10,Email,59845,997,765.42,78.01603797173541,No,1.67,0.77,7.83,9.81
CMP-00729,Q3_Winter_CMP-00729,2023-08-01,2023-08-05,Email,12988,418,659.71,14.176130018594128,No,3.22,,3.39,46.54
CMP-00730,Q4_Summer_CMP-00730,2023-06-18,2023-07-08,,31812,746,956.75,58.94537944154865,No,2.35,1.28,7.9,
CMP-00731,Q4_Summer_CMP-00731,2023-12-17,2024-01-13,Google Ads,69086,1329,,69.68909253507334,Yes,1.92,1.67,,31.86
CMP-00732,Q3_Winter_CMP-00732,2023-07-10,2023-07-30,Instagram,33366,1542,1885.2,170.99404033575155,Yes,4.62,,11.09,11.02
CMP-00733,Q1_BlackFriday_CMP-00733,2023-12-06,2023-12-29,Google Ads,58845,1203,2107.59,98.5180540182614,No,2.04,1.75,8.19,21.39
CMP-00734,Q4_Summer_CMP-00734,2023-03-20,2023-03-28,Instagram,69557,1088,1798.81,,No,1.56,1.65,10.13,16.32
CMP-00735,Q2_Winter_CMP-00735,2023-06-13,2023-07-07,Email,33252,1526,,,Yes,4.59,,15.5,3.01
CMP-00736,Q4_Summer_CMP-00736,2023-02-20,2023-03-05,Google Ads,64917,2503,4908.16,155.34615486286864,Yes,3.86,1.96,6.21,31.59
CMP-00737,Q4_Summer_CMP-00737,2023-07-29,2023-07-31,Google Ads,40112,1431,,160.44400288229497,Yes,3.57,0.33,11.21,2.9
CMP-00738,Q2_Winter_CMP-00738,2023-03-10,2023-03-21,TikTok,13937,100,131.46,7.368063737245079,Yes,0.72,1.31,,17.84
CMP-00739,Q4_Summer_CMP-00739,2023-06-29,2023-07-10,TikTok,37532,409,673.73,,No,1.09,1.65,15.91,10.35
CMP-00740,Q1_BlackFriday_CMP-00740,2023-05-06,2023-05-22,Google Ads,44383,1496,1292.87,196.7418923955636,Yes,3.37,0.86,,6.57
CMP-00741,Q1_BlackFriday_CMP-00741,2023-03-09,2023-03-17,Google Ads,737,10,13.18,0.11615898797016039,No,1.36,1.32,1.16,113.47
CMP-00742,Q4_Summer_CMP-00742,2023-02-05,2023-02-19,Instagram,89324,1353,1238.82,183.20939825791848,No,1.51,0.92,13.54,
CMP-00743,Q4_Summer_CMP-00743,2023-07-06,2023-07-19,Email,53025,2124,856.07,89.91057997534996,Yes,4.01,0.4,4.23,9.52
CMP-00744,Q2_Winter_CMP-00744,2023-12-12,2023-12-22,Facebook,4112,73,22.95,10.778451470116156,No,1.78,,14.77,
CMP-00745,Q4_Summer_CMP-00745,2023-03-14,2023-04-04,Email,86865,714,,84.10516354425484,No,0.82,0.46,11.78,3.92
CMP-00746,Q2_Winter_CMP-00746,2023-05-28,2023-06-06,Facebook,85588,568,265.42,49.00801057988502,Yes,0.66,,8.63,
CMP-00747,Q3_Winter_CMP-00747,2023-03-23,2023-04-15,TikTok,1698,42,56.22,5.958650105073923,Yes,2.47,1.34,14.19,9.44
CMP-00748,Q2_Winter_CMP-00748,2023-10-23,2023-10-31,Facebook,16736,548,654.3,94.6684929246574,No,3.27,1.19,17.28,6.91
CMP-00749,Q2_Winter_CMP-00749,2023-06-01,2023-06-27,Email,36697,1618,1738.2,255.58139251547857,Yes,4.41,1.07,15.8,6.8
CMP-00750,Q1_Launch_CMP-00750,2023-12-22,2024-01-02,Facebook,50971,509,751.42,57.83362983726918,Yes,1.0,1.48,11.36,
CMP-00751,Q1_BlackFriday_CMP-00751,2023-03-31,2023-04-02,Google Ads,72713,1007,330.9,,Yes,1.38,0.33,14.73,2.23
CMP-00752,Q1_Launch_CMP-00752,2023-01-30,2023-02-04,Facebook,42721,1232,937.15,109.20911889225576,Yes,2.88,0.76,,8.58
CMP-00753,Q1_Launch_CMP-00753,2023-08-01,2023-08-25,,61365,1312,2127.5,209.80843158325672,No,2.14,1.62,15.99,
CMP-00754,Q1_BlackFriday_CMP-00754,2023-08-26,2023-09-21,Facebook,1507,40,73.88,6.700794376333418,Yes,2.65,1.85,16.75,
CMP-00755,Q3_Winter_CMP-00755,2023-12-28,2024-01-04,TikTok,66024,3075,3213.9,110.96392419503596,No,4.66,1.05,3.61,
CMP-00756,Q3_Winter_CMP-00756,2023-11-15,2023-12-03,Instagram,91581,2703,1185.33,149.275765346663,Yes,2.95,0.44,5.52,7.94
CMP-00757,Q4_Summer_CMP-00757,2023-11-19,2023-12-06,Google Ads,52857,1251,2073.96,,No,2.37,1.66,6.13,27.05
CMP-00758,Q2_Winter_CMP-00758,2023-08-20,2023-08-24,Email,45765,2266,4089.65,94.1648232905497,Yes,4.95,1.8,4.16,43.43
CMP-00759,Q1_Launch_CMP-00759,2023-05-12,2023-05-26,TikTok,30063,238,238.77,20.130433011901363,No,0.79,1.0,8.46,11.86
CMP-00760,Q4_Summer_CMP-00760,2023-06-06,2023-06-27,Google Ads,95449,4480,3197.39,209.10986958590996,No,4.69,0.71,4.67,15.29
CMP-00761,Q1_Launch_CMP-00761,2023-02-18,2023-03-19,Facebook,3803,104,38.97,12.807856783909804,Yes,2.73,0.37,12.32,
CMP-00762,Q3_Winter_CMP-00762,2023-06-07,2023-07-02,Email,29031,803,,23.53346812288926,No,2.77,1.3,2.93,44.52
CMP-00763,Q1_BlackFriday_CMP-00763,2023-05-14,2023-05-17,Facebook,14301,664,1226.26,40.69300034585559,Yes,4.64,,6.13,
CMP-00764,Q1_BlackFriday_CMP-00764,2023-01-14,2023-01-21,TikTok,86694,2412,3503.21,329.11480162429643,No,2.78,1.45,13.64,10.64
CMP-00765,Q2_Winter_CMP-00765,2023-03-16,2023-03-29,Facebook,48519,1199,-1006.35,,No,2.47,-0.84,8.57,-9.79
CMP-00766,Q4_Summer_CMP-00766,2023-07-15,2023-07-20,Email,92277,1592,2217.51,143.40405015581877,Yes,1.73,1.39,9.01,
CMP-00767,Q4_Summer_CMP-00767,2023-05-15,2023-06-01,Instagram,66683,2310,3960.53,373.30939352343705,Yes,3.46,1.71,16.16,
CMP-00768,Q3_Winter_CMP-00768,2023-12-29,2023-12-30,Google Ads,55904,1712,1898.46,337.3619180544921,Yes,3.06,,19.71,5.63
CMP-00769,Q1_Launch_CMP-00769,2023-06-24,2023-06-28,Google Ads,51988,761,1288.81,,No,1.46,1.69,11.74,
CMP-00770,Q2_Winter_CMP-00770,2023-12-16,2023-12-18,TikTok,20666,763,737.25,19.092367847079217,No,3.69,0.97,,38.61
CMP-00771,Q4_Summer_CMP-00771,2023-08-30,2023-09-08,TikTok,56423,1917,1710.85,56.65035030147491,Yes,3.4,0.89,2.96,30.2
CMP-00772,Q1_BlackFriday_CMP-00772,2023-01-15,2023-02-07,Google Ads,68682,1571,2028.29,304.79778051856044,Yes,2.29,1.29,19.4,6.65
CMP-00773,Q1_Launch_CMP-00773,2023-03-16,2023-03-22,Google Ads,96551,501,,69.66637134452702,Yes,0.52,1.09,13.91,7.84
CMP-00774,Q4_Summer_CMP-00774,2023-09-15,2023-10-14,,55123,1383,2712.19,,Yes,2.51,1.96,15.3,
CMP-00775,Q1_BlackFriday_CMP-00775,2023-07-18,2023-07-26,Google Ads,93914,495,583.04,,Yes,0.53,1.18,13.84,
CMP-00776,Q1_BlackFriday_CMP-00776,2023-04-21,2023-04-23,TikTok,94480,791,500000.0,34.90472935876459,Yes,0.84,632.1112515802781,4.41,21.64
CMP-00777,Q3_Winter_CMP-00777,2023-07-10,2023-07-20,Email,52494,1279,1242.4,121.74648870202542,No,2.44,0.97,9.52,10.2
CMP-00778,Q1_Launch_CMP-00778,2023-11-26,2023-12-18,,44207,383,471.66,61.90631344556124,Yes,0.87,1.23,16.16,7.62
CMP-00779,Q2_Winter_CMP-00779,2023-05-22,2023-05-26,TikTok,14698,255,230.35,44.52528555454345,No,1.73,0.9,17.46,
CMP-00780,Q1_BlackFriday_CMP-00780,2023-01-17,2023-01-20,Email,27217,938,1434.15,51.67793543809843,Yes,3.45,1.53,5.51,27.75
CMP-00781,Q1_BlackFriday_CMP-00781,2023-04-24,2023-05-19,TikTok,87969,1661,1573.18,204.68958156924543,Yes,1.89,0.95,12.32,7.69
CMP-00782,Q4_Summer_CMP-00782,2023-12-08,2023-12-26,Google Ads,14259,711,677.62,28.332896040937666,No,4.99,0.95,3.98,
CMP-00783,Q1_Launch_CMP-00783,2023-10-06,2023-10-16,Google Ads,40007,1849,,355.1422482964026,Yes,4.62,1.35,19.21,7.02
CMP-00784,Q1_Launch_CMP-00784,2023-11-02,2023-11-24,TikTok,70014,2194,,127.07387990940839,Yes,3.13,,5.79,6.97
CMP-00785,Q3_Winter_CMP-00785,2023-11-29,2023-12-24,Google Ads,24441,1185,,175.45189920516736,No,4.85,1.41,14.81,9.55
CMP-00786,Q3_Winter_CMP-00786,2023-02-12,2023-02-23,Email,97423,4292,4972.08,,No,4.41,1.16,,21.49
CMP-00787,Q1_Launch_CMP-00787,2023-04-14,2023-05-01,Facebook,65123,1260,1348.38,160.0833139251229,No,1.93,1.07,12.71,8.42
CMP-00788,Q4_Summer_CMP-00788,2023-01-22,2023-01-23,Facebook,3320,128,,,Yes,3.86,1.52,13.53,11.26
CMP-00789,Q3_Winter_CMP-00789,2023-01-02,2023-01-11,TikTok,25093,279,443.34,20.19997376413644,Yes,1.11,,7.24,21.95
CMP-00790,Q1_Launch_CMP-00790,2023-11-01,2023-11-19,Facebook,74174,2655,4616.1,439.61074341417157,Yes,3.58,1.74,16.56,10.5
CMP-00791,Q1_Launch_CMP-00791,2023-12-08,2023-12-14,Facebook,86387,2340,2192.97,417.0359013608165,No,2.71,0.94,17.82,5.26
CMP-00792,Q3_Winter_CMP-00792,2023-02-26,2023-03-27,,92729,533,456.23,91.92293183682207,No,0.57,0.86,17.25,
CMP-00793,Q4_Summer_CMP-00793,2023-09-21,2023-10-20,Facebook,85191,1477,2236.74,107.60190432838363,Yes,1.73,,7.29,20.79
CMP-00794,Q1_BlackFriday_CMP-00794,2023-07-15,2023-07-23,Google Ads,7940,381,491.14,57.69279134992602,No,4.8,1.29,15.14,
CMP-00795,Q3_Winter_CMP-00795,2023-01-26,2023-02-07,TikTok,73103,1404,500000.0,163.28975376891424,Yes,1.92,356.1253561253561,11.63,
CMP-00796,Q2_Winter_CMP-00796,2023-12-01,2023-12-07,Google Ads,11461,150,186.66,18.389907248022332,Yes,1.31,1.24,12.26,10.15
CMP-00797,Q1_BlackFriday_CMP-00797,2023-11-15,2023-11-30,Instagram,8116,109,175.88,10.977473515702744,Yes,1.34,1.61,10.07,16.02
CMP-00798,Q3_Winter_CMP-00798,2023-07-27,2023-07-31,Facebook,69349,1842,1147.69,228.4993965661457,Yes,2.66,0.62,12.4,5.02
CMP-00799,Q2_Winter_CMP-00799,2023-09-16,2023-09-28,Email,48077,2063,2567.84,,No,4.29,,,
CMP-00800,Q3_Winter_CMP-00800,2023-05-25,2023-06-11,TikTok,64972,2541,,222.79735567677622,No,3.91,0.57,8.77,
CMP-00801,Q1_Launch_CMP-00801,2023-10-17,2023-11-04,Email,85222,2101,,91.93479066796816,Yes,2.47,0.99,4.38,22.68
CMP-00802,Q2_Winter_CMP-00802,2023-06-12,2023-06-30,Email,7348,105,150.02,6.6381053428799435,Yes,1.43,1.43,6.32,22.6
CMP-00803,Q3_Winter_CMP-00803,2023-12-28,2024-01-04,Facebook,52989,374,425.69,12.822500922626825,Yes,0.71,1.14,3.43,33.2
CMP-00804,Q1_BlackFriday_CMP-00804,2023-01-24,2023-02-16,Email,83525,2156,2038.08,108.6066997231483,Yes,2.58,0.95,5.04,18.77
CMP-00805,Q4_Summer_CMP-00805,2023-03-04,2023-03-25,Google Ads,44309,1846,,292.7138671749835,Yes,4.17,1.8,15.86,
CMP-00806,Q4_Summer_CMP-00806,2023-12-20,2024-01-11,Email,52580,1989,3209.86,227.67869742156336,Yes,3.78,1.61,11.45,14.1
CMP-00807,Q3_Winter_CMP-00807,2023-04-16,2023-04-30,Google Ads,50036,1170,1397.79,16.95586524526984,Yes,2.34,1.19,1.45,82.44
CMP-00808,Q1_Launch_CMP-00808,2023-04-24,2023-05-20,Google Ads,90766,2882,5519.29,460.60023684036247,Yes,3.18,1.92,15.98,11.98
CMP-00809,Q2_Winter_CMP-00809,2023-10-16,2023-10-28,Email,5464,134,136.87,,Yes,2.45,1.02,,5.59
CMP-00810,Q1_BlackFriday_CMP-00810,2023-03-11,2023-04-04,Instagram,87860,2728,4473.17,483.62410222365673,No,3.1,1.64,17.73,9.25
CMP-00811,Q1_Launch_CMP-00811,2023-07-07,2023-07-13,Instagram,81730,2311,1353.07,384.48848310084685,Yes,2.83,0.59,16.64,
CMP-00812,Q1_BlackFriday_CMP-00812,2023-04-15,2023-04-23,Email,81344,2899,2278.17,575.5127388591841,Yes,3.56,0.79,19.85,3.96
CMP-00813,Q4_Summer_CMP-00813,2023-03-14,2023-03-30,TikTok,41522,1156,1011.21,140.3573255143516,Yes,2.78,0.87,,7.2
CMP-00814,Q2_Winter_CMP-00814,2023-12-18,2024-01-04,TikTok,51831,2453,1177.18,473.1632160219417,No,4.73,,,
CMP-00815,Q4_Summer_CMP-00815,2023-03-14,2023-04-05,Instagram,37213,902,1040.07,171.63292456609466,Yes,2.42,1.15,19.03,6.06
CMP-00816,Q1_BlackFriday_CMP-00816,2023-02-04,2023-02-13,Google Ads,25545,146,91.52,10.149242384165406,Yes,0.57,0.63,6.95,9.02
CMP-00817,Q1_Launch_CMP-00817,2023-09-03,2023-09-29,Instagram,87605,1369,1886.64,238.27775428769257,No,1.56,,17.41,7.92
CMP-00818,Q1_Launch_CMP-00818,2023-11-13,2023-11-23,Email,50844,1399,871.8,224.63715923217856,No,2.75,0.62,16.06,3.88
CMP-00819,Q4_Summer_CMP-00819,2023-02-16,2023-03-04,Email,72472,2125,1083.67,334.47875637568836,Yes,2.93,0.51,15.74,
CMP-00820,Q1_BlackFriday_CMP-00820,2023-09-16,2023-10-14,TikTok,10530,314,611.5,56.61211081527607,Yes,2.98,1.95,18.03,
CMP-00821,Q1_Launch_CMP-00821,2023-07-17,2023-08-02,Instagram,78998,2935,4164.79,243.5935590320596,No,3.72,1.42,8.3,
CMP-00822,Q4_Summer_CMP-00822,2023-10-30,2023-11-19,Email,66055,1146,2168.19,,Yes,1.73,1.89,8.6,
CMP-00823,Q1_Launch_CMP-00823,2023-02-16,2023-03-15,Facebook,99762,3483,3945.57,458.3974166616905,Yes,3.49,1.13,13.16,8.61
CMP-00824,Q4_Summer_CMP-00824,2023-12-23,2024-01-21,Email,13830,507,180.89,76.14271112765559,Yes,3.67,0.36,15.02,2.38
CMP-00825,Q4_Summer_CMP-00825,2023-08-14,2023-08-29,Email,54234,1274,1626.17,225.68916306930217,Yes,2.35,1.28,17.72,7.21
CMP-00826,Q1_Launch_CMP-00826,2023-11-04,2023-11-17,Instagram,51361,1186,1481.5,209.22298455736262,No,2.31,1.25,,7.08
CMP-00827,Q4_Summer_CMP-00827,2023-05-13,2023-05-19,Instagram,54070,705,229.45,103.67344268653952,No,1.3,0.33,14.71,2.21
CMP-00828,Q1_BlackFriday_CMP-00828,2023-12-11,2023-12-27,Instagram,5911,139,245.21,26.661538262266415,Yes,2.35,1.76,19.18,9.2
CMP-00829,Q1_BlackFriday_CMP-00829,2023-08-17,2023-09-13,Facebook,47575,1922,2602.29,84.45159906678875,No,4.04,1.35,4.39,30.81
CMP-00830,Q1_Launch_CMP-00830,2023-02-16,2023-03-03,Email,30301,1390,2176.71,264.8847536402608,Yes,4.59,1.57,19.06,8.22
CMP-00831,Q2_Winter_CMP-00831,2023-12-03,2023-12-14,Instagram,61926,1963,2237.16,43.571497054079835,No,3.17,1.14,2.22,51.34
CMP-00832,Q2_Winter_CMP-00832,2023-10-18,2023-10-22,Instagram,23592,435,587.81,50.272148480512044,Yes,1.84,1.35,11.56,11.69
CMP-00833,Q3_Winter_CMP-00833,2023-04-20,2023-05-02,TikTok,43787,1563,,42.41579032270206,Yes,3.57,0.74,,27.18
CMP-00834,Q1_Launch_CMP-00834,2023-07-19,2023-07-26,Instagram,62193,2382,,280.88588135517256,No,3.83,1.96,11.79,16.58
CMP-00835,Q1_BlackFriday_CMP-00835,2023-05-22,2023-06-20,Instagram,6872,137,134.43,11.524555815222376,Yes,1.99,0.98,8.41,11.66
CMP-00836,Q4_Summer_CMP-00836,2023-07-18,2023-08-03,Facebook,78785,3324,1914.48,84.78125255964744,Yes,4.22,0.58,2.55,22.58
CMP-00837,Q1_BlackFriday_CMP-00837,2023-12-19,2023-12-23,Instagram,71715,596,235.45,,Yes,0.83,0.4,13.31,2.97
CMP-00838,Q1_Launch_CMP-00838,2023-11-25,2023-11-27,Email,6201,34,46.97,5.063539077563558,No,0.55,1.38,,9.28
CMP-00839,Q1_Launch_CMP-00839,2023-03-20,2023-04-14,TikTok,6941,73,143.94,3.145951686909141,Yes,1.05,,4.31,
CMP-00840,Q1_BlackFriday_CMP-00840,2024-01-18,2023-12-21,Facebook,85103,1022,,145.0657221553768,No,1.2,1.82,,12.84
CMP-00841,Q2_Winter_CMP-00841,2023-06-09,2023-07-02,Instagram,28691,1278,1908.79,56.2563258840525,No,4.45,1.49,4.4,
CMP-00842,Q4_Summer_CMP-00842,2023-09-15,2023-09-19,Google Ads,86146,2078,4122.79,75.02686611865747,No,2.41,1.98,3.61,54.95
CMP-00843,Q1_BlackFriday_CMP-00843,2023-10-06,2023-10-09,TikTok,50175,871,1331.59,,Yes,1.74,1.53,3.8,40.23
CMP-00844,Q1_Launch_CMP-00844,2023-06-26,2023-07-02,Google Ads,34555,839,735.57,103.88909873601052,No,2.43,,12.38,7.08
CMP-00845,Q1_Launch_CMP-00845,2023-06-16,2023-07-08,Instagram,27719,631,,99.67922998629847,Yes,2.28,1.32,15.8,8.37
CMP-00846,Q1_Launch_CMP-00846,2023-06-16,2023-07-09,TikTok,66070,1226,534.05,151.30041882131013,No,1.86,0.44,12.34,3.53
CMP-00847,Q1_Launch_CMP-00847,2023-11-11,2023-12-06,Facebook,11417,127,85.96,20.799650561330257,No,1.11,0.68,16.38,4.13
CMP-00848,Q1_Launch_CMP-00848,2023-05-22,2023-05-25,Facebook,40559,1399,-1412.74,,Yes,3.45,-1.01,12.24,-8.25
CMP-00849,Q1_BlackFriday_CMP-00849,2023-04-13,2023-04-18,Instagram,34912,389,250.16,62.820013391526665,No,1.11,,16.15,
CMP-00850,Q4_Summer_CMP-00850,2023-05-12,2023-06-08,Google Ads,15841,631,-1212.12,123.38528266087143,Yes,3.98,-1.92,19.55,-9.82
CMP-00851,Q1_BlackFriday_CMP-00851,2023-03-13,2023-04-09,Email,35605,501,,42.2254641204953,Yes,1.41,1.99,8.43,23.64
CMP-00852,Q1_BlackFriday_CMP-00852,2023-05-23,2023-06-14,Facebook,53101,2013,,77.47838440922943,Yes,3.79,0.93,3.85,24.18
CMP-00853,Q1_BlackFriday_CMP-00853,2023-02-11,2023-02-15,Instagram,67917,2801,4217.44,100.06682922126141,No,4.12,1.51,3.57,42.15
CMP-00854,Q2_Winter_CMP-00854,2023-02-02,2023-02-04,Email,9092,96,,11.85799136301635,No,1.06,0.99,12.35,8.04
CMP-00855,Q2_Winter_CMP-00855,2023-09-22,2023-09-24,Google Ads,87303,777,417.38,88.53882561222413,No,0.89,,11.39,4.71
CMP-00856,Q1_BlackFriday_CMP-00856,2023-01-29,2023-02-19,Instagram,87907,4195,3661.29,,Yes,4.77,0.87,4.5,
CMP-00857,Q2_Winter_CMP-00857,2023-07-27,2023-08-21,Google Ads,69351,1791,1247.85,318.0814977461826,No,2.58,0.7,17.76,3.92
CMP-00858,Q1_Launch_CMP-00858,2023-10-12,2023-10-31,Instagram,92466,3084,2645.25,591.4562739794163,No,3.34,0.86,19.18,
CMP-00859,Q4_Summer_CMP-00859,2023-09-22,2023-09-30,TikTok,43080,260,173.04,15.108852769303104,No,0.6,0.67,5.81,11.45
CMP-00860,Q1_BlackFriday_CMP-00860,2023-07-04,2023-06-12,TikTok,82250,1442,708.0,71.10178540827435,Yes,1.75,0.49,4.93,9.96
CMP-00861,Q1_BlackFriday_CMP-00861,2023-03-14,2023-03-12,Facebook,72863,2021,1353.32,102.35385206757506,Yes,2.77,0.67,5.06,13.22
CMP-00862,Q1_BlackFriday_CMP-00862,2023-12-06,2023-12-31,Google Ads,56471,2534,4662.02,,No,4.49,1.84,8.36,22.0
CMP-00863,Q1_Launch_CMP-00863,2023-11-01,2023-11-27,Facebook,18360,316,140.58,54.38775960494874,Yes,1.72,0.44,17.21,2.58
CMP-00864,Q4_Summer_CMP-00864,2023-08-12,2023-09-02,Instagram,55981,2232,1901.86,275.0549754638293,Yes,3.99,0.85,12.32,
CMP-00865,Q1_BlackFriday_CMP-00865,2023-02-01,2023-02-27,Facebook,90184,3138,3760.47,71.65670706765246,Yes,3.48,1.2,2.28,52.48
CMP-00866,Q4_Summer_CMP-00866,2023-01-13,2023-01-30,Facebook,98468,1003,,100.16562426124084,Yes,1.02,,9.99,9.04
CMP-00867,Q1_BlackFriday_CMP-00867,2023-04-26,2023-05-10,Facebook,45082,820,967.54,22.273676215776824,Yes,1.82,1.18,2.72,
CMP-00868,Q1_BlackFriday_CMP-00868,2023-02-27,2023-03-09,Instagram,25166,395,147.66,34.43636925633343,Yes,1.57,0.37,8.72,
CMP-00869,Q3_Winter_CMP-00869,2023-11-11,2023-12-08,Instagram,74877,1865,,161.63736242518036,No,2.49,1.4,8.67,
CMP-00870,Q1_Launch_CMP-00870,2023-03-17,2023-04-07,Email,8056,270,339.64,35.96049175090482,No,3.35,1.26,13.32,
CMP-00871,Q3_Winter_CMP-00871,2023-04-14,2023-04-20,Facebook,15533,380,553.9,43.47057641473589,Yes,2.45,1.46,11.44,12.74
CMP-00872,Q2_Winter_CMP-00872,2023-12-23,2024-01-20,TikTok,56413,902,1140.43,158.93547459727256,Yes,1.6,,17.62,7.18
CMP-00873,Q1_Launch_CMP-00873,2023-10-26,2023-10-28,Instagram,99025,3596,3755.79,,No,3.63,1.04,1.31,79.77
CMP-00874,Q1_Launch_CMP-00874,2023-03-21,2023-04-08,Facebook,33214,1039,930.16,163.1851074697047,Yes,3.13,0.9,15.71,5.7
CMP-00875,Q4_Summer_CMP-00875,2023-05-20,2023-05-26,Email,44610,1265,,,No,2.84,0.68,1.43,47.88
CMP-00876,Q3_Winter_CMP-00876,2023-07-08,2023-07-28,Facebook,32572,975,1121.36,66.1196907252468,Yes,2.99,1.15,6.78,16.96
CMP-00877,Q3_Winter_CMP-00877,2023-08-31,2023-09-12,Instagram,44330,664,228.61,117.61830151273372,Yes,1.5,0.34,17.71,
CMP-00878,Q4_Summer_CMP-00878,2023-12-08,2023-12-21,TikTok,1204,42,36.04,5.929505089983431,Yes,3.49,,14.12,6.08
CMP-00879,Q3_Winter_CMP-00879,2023-11-14,2023-12-04,Instagram,59674,1338,,57.10499557424095,Yes,2.24,,4.27,34.03
CMP-00880,Q4_Summer_CMP-00880,2023-12-23,2024-01-14,TikTok,59825,1277,619.11,131.8490539378807,No,2.13,0.48,10.32,4.7
CMP-00881,Q1_Launch_CMP-00881,2023-01-15,2023-01-27,,31898,374,152.19,55.03851110029567,Yes,1.17,0.41,14.72,2.77
CMP-00882,Q1_BlackFriday_CMP-00882,2023-03-28,2023-04-26,Instagram,26771,852,1200.22,,No,3.18,1.41,18.81,7.49
CMP-00883,Q3_Winter_CMP-00883,2023-07-25,2023-08-09,Google Ads,76279,2450,2391.73,319.77651823607385,No,3.21,0.98,13.05,7.48
CMP-00884,Q1_Launch_CMP-00884,2023-01-23,2023-01-18,Email,19191,389,646.95,5.713759659007656,No,2.03,1.66,,113.23
CMP-00885,Q1_BlackFriday_CMP-00885,2023-05-10,2023-05-11,TikTok,5183,226,427.92,23.717197855358418,No,4.36,1.89,10.49,18.04
CMP-00886,Q4_Summer_CMP-00886,2023-02-26,2023-03-04,TikTok,4522,194,373.83,7.57816601983671,Yes,4.29,1.93,3.91,49.33
CMP-00887,Q1_Launch_CMP-00887,2023-12-07,2023-12-28,Email,88234,874,894.55,16.674272151865434,Yes,0.99,,1.91,53.65
CMP-00888,Q1_Launch_CMP-00888,2023-01-24,2023-02-09,Google Ads,36753,1333,998.89,164.91478844580485,No,3.63,0.75,,6.06
CMP-00889,Q1_Launch_CMP-00889,2023-02-24,2023-03-06,Facebook,10632,241,321.65,37.985253915952335,Yes,2.27,1.33,15.76,8.47
CMP-00890,Q2_Winter_CMP-00890,2023-03-13,2023-03-27,TikTok,87957,4396,,74.07921837281673,Yes,5.0,1.37,1.69,81.18
CMP-00891,Q1_Launch_CMP-00891,2023-02-24,2023-03-21,Instagram,15287,231,313.69,36.701733102676656,Yes,1.51,1.36,15.89,
CMP-00892,Q4_Summer_CMP-00892,2023-07-27,2023-08-13,Facebook,33998,599,507.37,,Yes,1.76,0.85,14.42,5.87
CMP-00893,Q3_Winter_CMP-00893,2023-05-13,2023-05-15,Google Ads,2558,63,25.73,9.631283051375286,No,2.46,,15.29,2.67
CMP-00894,Q1_BlackFriday_CMP-00894,2023-11-30,2023-12-02,Email,68067,1163,764.1,65.70762851898833,Yes,1.71,0.66,5.65,11.63
CMP-00895,Q4_Summer_CMP-00895,2023-04-06,2023-04-20,TikTok,70080,2532,1424.28,214.67090172877886,No,3.61,0.56,,6.63
CMP-00896,Q4_Summer_CMP-00896,2023-07-16,2023-07-28,Email,75776,2018,1030.45,66.0948621677919,No,2.66,0.51,3.28,15.59
CMP-00897,Q3_Winter_CMP-00897,2023-08-29,2023-09-23,TikTok,26672,398,,22.044933656730358,Yes,1.49,,5.54,33.85
CMP-00898,Q1_Launch_CMP-00898,2023-08-17,2023-09-03,Instagram,33146,921,,62.19516461183549,No,2.78,0.32,6.75,
CMP-00899,Q1_Launch_CMP-00899,2023-10-18,2023-11-09,Instagram,93842,4222,5586.37,298.4656835036191,Yes,4.5,1.32,7.07,18.72
CMP-00900,Q4_Summer_CMP-00900,2023-03-15,2023-04-01,TikTok,82253,3344,6389.4,,Yes,4.07,1.91,,44.17
CMP-00901,Q1_Launch_CMP-00901,2023-07-05,2023-07-16,TikTok,4197,115,104.89,5.273352787854482,Yes,2.74,0.91,4.59,19.89
CMP-00902,Q1_Launch_CMP-00902,2023-10-20,2023-11-09,Google Ads,69342,1246,1490.3,225.874102446796,Yes,1.8,1.2,18.13,
CMP-00903,Q2_Winter_CMP-00903,2023-11-12,2023-12-01,TikTok,81367,1065,1579.22,169.27087295793785,Yes,1.31,1.48,15.89,9.33
CMP-00904,Q1_BlackFriday_CMP-00904,2023-08-14,2023-09-04,,56144,2499,2097.13,188.55145839476936,Yes,4.45,0.84,7.55,
CMP-00905,Q3_Winter_CMP-00905,2023-09-01,2023-08-26,TikTok,64170,2371,2636.57,450.613938100778,Yes,3.69,1.11,19.01,
CMP-00906,Q4_Summer_CMP-00906,2023-11-12,2023-12-01,Email,598,18,30.4,0.9971156777497479,Yes,3.01,1.69,,
CMP-00907,Q3_Winter_CMP-00907,2023-08-17,2023-08-26,TikTok,3490,155,242.9,13.530862354103991,No,4.44,1.57,,
CMP-00908,Q1_Launch_CMP-00908,2023-12-13,2024-01-05,,3991,41,68.65,6.747362176075306,Yes,1.03,1.67,16.46,10.17
CMP-00909,Q2_Winter_CMP-00909,2023-02-16,2023-03-12,Email,16318,582,,54.79437481711704,No,3.57,1.98,9.41,21.01
CMP-00910,Q1_Launch_CMP-00910,2023-05-07,2023-05-26,TikTok,99091,1461,1358.08,,No,1.47,0.93,5.46,
CMP-00911,Q4_Summer_CMP-00911,2023-03-10,2023-02-10,Instagram,63618,663,1040.95,53.05441285627888,No,1.04,,8.0,19.62
CMP-00912,Q1_Launch_CMP-00912,2023-02-03,2023-02-19,Instagram,78337,2033,2693.18,213.74352862616823,Yes,2.6,1.32,10.51,
CMP-00913,Q2_Winter_CMP-00913,2023-06-22,2023-06-23,Facebook,29910,670,960.26,85.70803003996095,No,2.24,1.43,12.79,11.2
CMP-00914,Q1_BlackFriday_CMP-00914,2023-03-24,2023-04-11,Google Ads,93787,4441,6918.13,386.65670828189354,No,4.74,1.56,8.71,
CMP-00915,Q3_Winter_CMP-00915,2023-05-29,2023-06-21,Instagram,20292,397,625.09,36.503285696379656,No,1.96,1.57,9.19,17.12
CMP-00916,Q3_Winter_CMP-00916,2023-06-09,2023-06-12,TikTok,90279,3761,6791.49,226.22146627177045,No,4.17,1.81,6.01,
CMP-00917,Q3_Winter_CMP-00917,2023-08-19,2023-08-15,Google Ads,3564,137,122.46,15.305090177805225,Yes,3.84,0.89,11.17,8.0
CMP-00918,Q4_Summer_CMP-00918,2023-12-12,2023-12-20,Email,2534,88,124.16,,No,3.47,1.41,5.17,27.29
CMP-00919,Q2_Winter_CMP-00919,2023-11-07,2023-12-02,Email,8350,387,,67.65920281748681,No,4.63,0.78,17.48,
CMP-00920,Q4_Summer_CMP-00920,2023-05-19,2023-06-04,Facebook,79288,1851,2426.23,281.3515249419556,Yes,2.33,1.31,15.2,8.62
CMP-00921,Q1_BlackFriday_CMP-00921,2023-04-29,2023-05-28,Facebook,26120,588,927.27,,Yes,2.25,1.58,8.8,17.93
CMP-00922,Q3_Winter_CMP-00922,2023-10-09,2023-11-04,Instagram,45389,555,912.81,84.34517646961379,No,1.22,1.64,15.2,
CMP-00923,Q3_Winter_CMP-00923,2023-02-15,2023-03-04,Email,47395,825,836.72,9.34661387861922,No,1.74,1.01,1.13,
CMP-00924,Q1_Launch_CMP-00924,2023-07-17,2023-08-06,Google Ads,79061,3525,4106.01,265.97165686474506,Yes,4.46,,,
CMP-00925,Q2_Winter_CMP-00925,2023-06-04,2023-06-14,Instagram,35199,927,804.21,86.82024122309387,Yes,2.63,0.87,,9.26
CMP-00926,Q1_BlackFriday_CMP-00926,2023-03-08,2023-03-11,Facebook,1168,23,13.51,2.283019477974697,Yes,1.97,0.59,,5.92
CMP-00927,Q3_Winter_CMP-00927,2023-08-14,2023-08-26,Instagram,38954,573,,87.24439597832459,Yes,1.47,0.74,15.23,4.88
CMP-00928,Q2_Winter_CMP-00928,2023-04-28,2023-05-16,Facebook,29175,782,1447.19,150.87392758711945,No,2.68,1.85,19.29,
CMP-00929,Q3_Winter_CMP-00929,2023-03-09,2023-03-15,Email,73222,2727,2250.45,224.15791319632953,No,3.72,0.83,8.22,10.04
CMP-00930,Q3_Winter_CMP-00930,2023-08-27,2023-09-03,Instagram,75256,1347,2636.2,103.19901948966897,Yes,1.79,1.96,7.66,
CMP-00931,Q3_Winter_CMP-00931,2023-03-05,2023-03-06,Email,9649,377,267.86,47.501205679953785,Yes,3.91,0.71,12.6,5.64
CMP-00932,Q4_Summer_CMP-00932,2023-09-03,2023-09-25,Email,79405,2647,,167.92088018537078,No,3.33,1.53,,24.11
CMP-00933,Q2_Winter_CMP-00933,2023-03-01,2023-03-28,Google Ads,7513,303,386.52,11.167538717740443,No,4.03,1.28,3.69,34.61
CMP-00934,Q4_Summer_CMP-00934,2023-06-08,2023-07-02,Google Ads,62161,1012,1502.5,195.00507857824,Yes,1.63,1.48,19.27,7.7
CMP-00935,Q3_Winter_CMP-00935,2023-10-22,2023-11-03,Google Ads,39233,1310,1827.09,214.59200624976563,Yes,3.34,1.39,,8.51
CMP-00936,Q1_BlackFriday_CMP-00936,2023-04-12,2023-03-25,Facebook,30474,363,545.03,69.7377141720741,Yes,1.19,1.5,19.21,
CMP-00937,Q1_Launch_CMP-00937,2023-10-08,2023-11-05,Google Ads,48577,1038,1909.33,53.34100033404204,No,2.14,1.84,5.14,35.79
CMP-00938,Q1_Launch_CMP-00938,2023-09-21,2023-10-09,Google Ads,31381,1179,1483.06,15.779442245355908,No,3.76,1.26,1.34,93.99
CMP-00939,Q3_Winter_CMP-00939,2023-11-26,2023-12-05,Email,79489,2656,1103.15,247.219681580478,Yes,3.34,0.42,9.31,4.46
CMP-00940,Q3_Winter_CMP-00940,2023-03-03,2023-03-13,Google Ads,96693,1300,988.52,243.6014138589206,No,1.34,0.76,18.74,4.06
CMP-00941,Q4_Summer_CMP-00941,2023-09-19,2023-10-11,Facebook,81672,3562,5357.15,129.235822841629,No,4.36,1.5,3.63,
CMP-00942,Q3_Winter_CMP-00942,2023-12-08,2023-12-21,Email,44201,327,,10.550736533713598,No,0.74,1.14,3.23,35.33
CMP-00943,Q1_BlackFriday_CMP-00943,2023-10-06,2023-10-31,TikTok,50576,1607,1980.69,37.12335361378295,Yes,3.18,1.23,,53.35
CMP-00944,Q3_Winter_CMP-00944,2023-03-10,2023-04-05,Google Ads,44988,2216,2912.24,344.26317827031863,Yes,4.93,1.31,15.54,8.46
CMP-00945,Q1_Launch_CMP-00945,2023-10-28,2023-10-30,Email,79457,2297,2183.23,365.97191716097143,No,2.89,0.95,15.93,
CMP-00946,Q1_Launch_CMP-00946,2023-02-09,2023-03-02,Google Ads,55457,2275,3675.54,,No,4.1,1.62,14.21,11.37
CMP-00947,Q1_BlackFriday_CMP-00947,2023-08-03,2023-08-14,Email,47078,1496,2288.89,30.10767405757281,No,3.18,1.53,2.01,76.02
CMP-00948,Q1_Launch_CMP-00948,2023-07-01,2023-07-17,Facebook,41245,1659,2512.24,244.57771633231042,No,4.02,,14.74,10.27
CMP-00949,Q1_BlackFriday_CMP-00949,2023-07-13,2023-07-21,TikTok,37817,1304,1976.9,124.19227358446761,Yes,3.45,,9.52,15.92
CMP-00950,Q2_Winter_CMP-00950,2023-07-09,2023-07-20,TikTok,55490,2003,3632.66,80.11988015641376,Yes,3.61,,4.0,45.34
CMP-00951,Q1_Launch_CMP-00951,2023-01-12,2023-01-22,Google Ads,69055,1053,1381.71,69.57586091765434,Yes,1.52,1.31,6.61,19.86
CMP-00952,Q2_Winter_CMP-00952,2023-07-05,2023-07-07,Email,43517,1670,3246.52,175.7138923107285,No,3.84,1.94,10.52,18.48
CMP-00953,Q4_Summer_CMP-00953,2023-12-08,2023-12-31,Google Ads,80762,1268,637.33,92.09963269921155,Yes,1.57,0.5,7.26,
CMP-00954,Q3_Winter_CMP-00954,2023-06-09,2023-06-14,Email,82758,4065,5586.65,789.6358152738688,No,4.91,1.37,19.43,7.07
CMP-00955,Q4_Summer_CMP-00955,2023-04-12,2023-04-23,Google Ads,43193,658,999.35,65.93221254823406,No,1.52,1.52,10.02,15.16
CMP-00956,Q4_Summer_CMP-00956,2023-12-30,2024-01-05,TikTok,90950,1423,1581.34,114.84833345687207,No,1.56,1.11,8.07,13.77
CMP-00957,Q3_Winter_CMP-00957,2023-02-06,2023-02-11,Email,17717,773,610.63,,No,4.36,0.79,13.79,5.73
CMP-00958,Q4_Summer_CMP-00958,2023-06-27,2023-07-08,Instagram,93244,1485,1834.07,198.40128779189635,Yes,1.59,1.24,13.36,9.24
CMP-00959,Q1_BlackFriday_CMP-00959,2023-07-07,2023-08-03,Google Ads,29762,632,581.48,6.612908791064513,Yes,2.12,0.92,1.05,
CMP-00960,Q3_Winter_CMP-00960,2023-06-24,2023-07-22,TikTok,56647,2104,3882.95,268.281045632705,No,3.71,1.85,12.75,14.47
CMP-00961,Q1_Launch_CMP-00961,2023-12-03,2023-12-15,TikTok,28716,348,-315.48,19.59800461172851,Yes,1.21,-0.91,5.63,-16.1
CMP-00962,Q3_Winter_CMP-00962,2023-06-03,2023-06-18,Instagram,44493,540,323.3,43.898971626920755,Yes,1.21,0.6,8.13,7.36
CMP-00963,Q1_BlackFriday_CMP-00963,2023-12-22,2024-01-20,Instagram,34336,923,1181.31,133.10240496816965,No,2.69,1.28,14.42,8.88
CMP-00964,Q2_Winter_CMP-00964,2023-01-25,2023-02-01,Email,70671,1128,1097.76,130.7390148870123,No,1.6,0.97,11.59,
CMP-00965,Q1_BlackFriday_CMP-00965,2023-09-25,2023-10-23,Instagram,8578,133,61.58,10.645915492799297,Yes,1.55,,8.0,5.78
CMP-00966,Q3_Winter_CMP-00966,2023-08-05,2023-08-09,Facebook,83913,454,572.15,18.980816949470324,Yes,0.54,1.26,4.18,30.14
CMP-00967,Q4_Summer_CMP-00967,2023-03-29,2023-04-05,Email,90432,1959,,207.73552491548622,Yes,2.17,1.21,10.6,11.45
CMP-00968,Q2_Winter_CMP-00968,2023-03-25,2023-04-04,Instagram,56516,1091,648.53,77.11138301280815,No,1.93,0.59,7.07,8.41
CMP-00969,Q1_BlackFriday_CMP-00969,2023-09-20,2023-09-22,Email,54953,351,461.91,64.39315554273453,No,0.64,1.32,18.35,7.17
CMP-00970,Q1_Launch_CMP-00970,2023-08-21,2023-09-14,TikTok,70148,2311,2922.28,257.7362662845193,Yes,3.29,1.26,,11.34
CMP-00971,Q2_Winter_CMP-00971,2023-08-12,2023-09-06,Instagram,20307,674,1088.61,,Yes,3.32,1.62,17.45,9.25
CMP-00972,Q3_Winter_CMP-00972,2023-01-19,2023-01-31,Email,75098,614,561.61,51.65851878288643,No,0.82,0.91,8.41,
CMP-00973,Q3_Winter_CMP-00973,2023-08-07,2023-09-01,Instagram,22257,428,,71.56719015923696,No,1.92,0.72,16.72,4.32
CMP-00974,Q3_Winter_CMP-00974,2023-12-25,2024-01-17,,67801,3001,5753.14,62.24677624949751,Yes,4.43,1.92,2.07,92.42
CMP-00975,Q1_Launch_CMP-00975,2023-01-07,2023-01-31,Email,30905,964,1208.92,64.2434807230376,No,3.12,1.25,6.66,18.82
CMP-00976,Q2_Winter_CMP-00976,2023-06-21,2023-07-15,TikTok,74740,1759,608.86,43.71717858286899,Yes,2.35,0.35,2.49,13.93
CMP-00977,Q1_Launch_CMP-00977,2023-06-30,2023-07-17,Instagram,79210,2053,3480.27,32.87578599145087,Yes,2.59,1.7,1.6,105.86
CMP-00978,Q3_Winter_CMP-00978,2023-11-24,2023-11-28,Instagram,21260,305,193.52,56.29806711647475,Yes,1.43,0.63,18.46,
CMP-00979,Q2_Winter_CMP-00979,2023-04-14,2023-05-11,Instagram,61934,2572,4208.47,376.03941801323555,Yes,4.15,,14.62,11.19
CMP-00980,Q3_Winter_CMP-00980,2023-06-23,2023-07-11,Google Ads,50088,2310,3462.17,297.46080729521174,Yes,4.61,1.5,12.88,
CMP-00981,Q3_Winter_CMP-00981,2023-09-19,2023-10-16,,29756,1368,2663.47,152.08553102232364,Yes,4.6,1.95,11.12,17.51
CMP-00982,Q4_Summer_CMP-00982,2023-01-23,2023-02-20,,59032,890,1727.92,105.21158752426798,Yes,1.51,1.94,11.82,16.42
CMP-00983,Q3_Winter_CMP-00983,2023-10-20,2023-10-26,Instagram,99270,1884,,247.4656089210949,Yes,1.9,,13.14,
CMP-00984,Q4_Summer_CMP-00984,2023-10-28,2023-11-09,Google Ads,746,9,14.43,1.5034514490055766,Yes,1.21,1.6,16.71,9.6
CMP-00985,Q3_Winter_CMP-00985,2023-09-20,2023-09-26,Email,95709,1801,1510.42,222.2592949076718,No,1.88,,,6.8
CMP-00986,Q4_Summer_CMP-00986,2023-08-25,2023-08-27,TikTok,85668,1711,2343.45,260.4661202797168,Yes,2.0,1.37,15.22,9.0
CMP-00987,Q4_Summer_CMP-00987,2023-09-30,2023-10-29,Instagram,53172,1780,,112.82677712881635,Yes,3.35,,6.34,20.76
CMP-00988,Q2_Winter_CMP-00988,2023-10-13,2023-11-09,Instagram,61197,828,325.18,161.9441565932874,No,1.35,0.39,19.56,2.01
CMP-00989,Q2_Winter_CMP-00989,2023-11-26,2023-12-24,Email,37234,1726,533.0,27.72037053483927,Yes,4.64,0.31,1.61,19.23
CMP-00990,Q4_Summer_CMP-00990,2023-06-06,2023-07-02,Email,13349,128,50.97,10.681542797144312,No,0.96,0.4,8.34,4.77
CMP-00991,Q2_Winter_CMP-00991,2023-06-16,2023-07-05,Facebook,57361,304,157.32,53.98718209485394,No,0.53,0.52,17.76,2.91
CMP-00992,Q3_Winter_CMP-00992,2023-08-21,2023-09-06,Instagram,81727,3552,2621.41,157.35133705765605,No,4.35,,4.43,16.66
CMP-00993,Q1_Launch_CMP-00993,2023-03-12,2023-04-10,Facebook,23495,861,1585.81,31.731498623017107,Yes,3.66,1.84,3.69,49.98
CMP-00994,Q3_Winter_CMP-00994,2023-11-09,2023-11-26,TikTok,71847,1508,,119.78322333216322,Yes,2.1,,7.94,14.88
CMP-00995,Q3_Winter_CMP-00995,2023-10-09,2023-10-28,Google Ads,74931,2382,-3941.53,217.6123575599058,No,3.18,-1.65,9.14,-18.11
CMP-00996,Q4_Summer_CMP-00996,2023-08-19,2023-08-26,Google Ads,75950,1143,1971.82,214.1351881539074,No,1.5,,18.73,9.21
CMP-00997,Q3_Winter_CMP-00997,2023-04-21,2023-05-13,Instagram,34330,431,,72.77982869730536,Yes,1.26,1.55,16.89,
CMP-00998,Q2_Winter_CMP-00998,2023-05-07,2023-05-31,Google Ads,39508,1035,999.14,101.6132272518396,No,2.62,0.97,9.82,
CMP-00999,Q1_BlackFriday_CMP-00999,2023-06-08,2023-06-28,TikTok,41913,875,1547.49,170.5071105215665,Yes,2.09,1.77,19.49,9.08
CMP-01000,Q3_Winter_CMP-01000,2023-08-30,2023-09-14,Google Ads,85493,2794,4362.79,368.8999136318809,No,3.27,,13.2,11.83
CMP-01001,Q1_BlackFriday_CMP-01001,2023-10-11,2023-10-17,Instagram,90094,1334,2085.52,,No,1.48,1.56,,8.88
CMP-01002,Q4_Summer_CMP-01002,2023-09-03,2023-09-04,Email,41695,1452,2661.05,82.4021997767054,Yes,3.48,1.83,5.68,
CMP-01003,Q3_Winter_CMP-01003,2023-12-06,2023-12-25,TikTok,97012,3832,5049.53,,No,3.95,1.32,10.29,12.81
CMP-01004,Q1_BlackFriday_CMP-01004,2023-12-17,2024-01-06,Facebook,57265,715,856.98,11.187083434471463,No,1.25,1.2,1.56,76.6
CMP-01005,Q1_Launch_CMP-01005,2023-09-15,2023-10-08,Facebook,38813,270,489.58,3.155553914568826,No,0.7,,1.17,155.15
CMP-01006,Q1_BlackFriday_CMP-01006,2023-05-16,2023-06-13,Google Ads,563,13,13.94,1.8724694557204775,Yes,2.31,1.07,14.4,7.44
CMP-01007,Q1_BlackFriday_CMP-01007,2023-08-07,2023-08-22,TikTok,61302,2441,4100.07,79.27339916332096,No,3.98,,3.25,
CMP-01008,Q3_Winter_CMP-01008,2023-06-05,2023-06-30,Instagram,64664,2217,868.04,252.92326371818967,No,3.43,0.39,11.41,3.43
CMP-01009,Q4_Summer_CMP-01009,2023-08-18,2023-09-08,Facebook,96854,3543,,503.96135679931916,Yes,3.66,0.3,14.22,2.12
CMP-01010,Q3_Winter_CMP-01010,2023-10-24,2023-11-02,TikTok,71958,1664,1993.63,26.83128678236275,No,2.31,1.2,,74.3
CMP-01011,Q2_Winter_CMP-01011,2023-05-15,2023-06-09,Google Ads,3452,53,22.53,5.048825889397017,Yes,1.54,0.43,9.53,4.46
CMP-01012,Q4_Summer_CMP-01012,2023-07-04,2023-07-06,Facebook,56927,1646,3226.36,230.42167677295154,No,2.89,,14.0,14.0
CMP-01013,Q2_Winter_CMP-01013,2023-01-17,2023-02-04,Email,74406,1056,326.68,189.07562540319714,No,1.42,0.31,17.9,1.73
CMP-01014,Q2_Winter_CMP-01014,2023-09-26,2023-10-24,Email,49907,1880,2859.21,,Yes,3.77,1.52,6.69,22.75
CMP-01015,Q3_Winter_CMP-01015,2023-06-28,2023-07-18,Instagram,43220,599,427.54,116.86558324337364,No,1.39,0.71,19.51,3.66
CMP-01016,Q1_BlackFriday_CMP-01016,2023-06-17,2023-07-15,TikTok,81088,1468,2855.02,250.2395150850828,Yes,1.81,1.94,17.05,11.41
CMP-01017,Q2_Winter_CMP-01017,2023-07-14,2023-07-16,Google Ads,61331,1704,1616.45,227.68961093722118,Yes,2.78,0.95,13.36,7.1
CMP-01018,Q3_Winter_CMP-01018,2023-03-20,2023-04-05,Instagram,68296,1837,,,Yes,2.69,0.35,8.45,4.1
CMP-01019,Q1_Launch_CMP-01019,2023-08-07,2023-08-30,Google Ads,46678,1495,516.96,,Yes,3.2,0.35,14.51,
CMP-01020,Q1_Launch_CMP-01020,2023-09-29,2023-10-18,Email,28168,695,862.31,114.72832118074018,No,2.47,1.24,16.51,7.52
CMP-01021,Q1_Launch_CMP-01021,2023-05-08,2023-06-03,Instagram,52149,2418,4781.38,163.52202852038212,Yes,4.64,,6.76,29.24
CMP-01022,Q1_Launch_CMP-01022,2023-02-17,2023-03-03,Facebook,95927,4105,8068.85,815.4078091242375,No,4.28,1.97,,9.9
CMP-01023,Q1_BlackFriday_CMP-01023,2023-05-22,2023-06-11,Instagram,60465,2694,2352.84,492.02591060260954,No,4.46,0.87,,4.78
CMP-01024,Q1_BlackFriday_CMP-01024,2023-03-14,2023-03-27,Google Ads,70873,2362,2646.85,,No,3.33,1.12,10.22,10.96
CMP-01025,Q1_BlackFriday_CMP-01025,2023-05-17,2023-06-12,,12851,431,202.9,63.50254180284712,Yes,3.35,0.47,14.73,3.2
CMP-01026,Q1_Launch_CMP-01026,2023-08-17,2023-08-21,Google Ads,98799,3202,3803.02,350.8165313081745,No,3.24,1.19,10.96,10.84
CMP-01027,Q1_Launch_CMP-01027,2023-02-11,2023-02-19,Facebook,24847,610,804.89,94.29185099963536,Yes,2.46,1.32,15.46,
CMP-01028,Q2_Winter_CMP-01028,2023-09-30,2023-10-03,Email,97140,1893,,316.37068926879357,No,1.95,0.73,16.71,4.35
CMP-01029,Q3_Winter_CMP-01029,2023-03-23,2023-04-13,TikTok,44853,1419,1902.3,20.451033095890235,Yes,3.16,,1.44,
CMP-01030,Q2_Winter_CMP-01030,2023-11-23,2023-11-30,TikTok,91931,565,1033.65,14.144823388364697,No,0.61,1.83,2.5,73.08
CMP-01031,Q3_Winter_CMP-01031,2023-09-25,2023-10-05,TikTok,89235,476,143.57,35.190113091891185,Yes,0.53,0.3,7.39,4.08
CMP-01032,Q1_Launch_CMP-01032,2023-04-10,2023-05-05,Email,75659,3277,2258.47,604.1037760858799,Yes,4.33,0.69,18.43,
CMP-01033,Q4_Summer_CMP-01033,2023-07-25,2023-08-05,Instagram,91682,649,426.3,55.601115537411374,No,0.71,0.66,8.57,7.67
CMP-01034,Q2_Winter_CMP-01034,2023-02-10,2023-02-15,TikTok,61138,1749,893.05,312.4191842337514,Yes,2.86,0.51,17.86,
CMP-01035,Q1_Launch_CMP-01035,2023-02-07,2023-02-06,Facebook,84953,2775,1616.08,271.5682804350917,No,3.27,0.58,9.79,5.95
CMP-01036,Q4_Summer_CMP-01036,2023-12-15,2023-12-22,Google Ads,17630,245,334.19,15.89610344050374,No,1.39,,6.49,21.02
CMP-01037,Q1_BlackFriday_CMP-01037,2023-10-20,2023-11-16,TikTok,7493,339,160.88,61.40055624105532,Yes,4.52,0.47,18.11,2.62
CMP-01038,Q1_Launch_CMP-01038,2023-02-26,2023-03-14,Facebook,54563,739,1149.52,86.1137826638715,Yes,1.35,1.56,11.65,13.35
CMP-01039,Q3_Winter_CMP-01039,2023-04-14,2023-05-13,Google Ads,81079,3632,6566.43,285.0830023143309,Yes,4.48,,7.85,
CMP-01040,Q1_BlackFriday_CMP-01040,2023-03-14,2023-03-21,Google Ads,76654,3015,5653.73,55.588552028194854,No,3.93,,1.84,101.71
CMP-01041,Q4_Summer_CMP-01041,2023-05-25,2023-06-05,Instagram,53025,839,1193.31,26.073850643571372,No,1.58,1.42,3.11,45.77
CMP-01042,Q1_BlackFriday_CMP-01042,2023-04-17,2023-04-22,TikTok,52325,616,391.51,22.464880747164727,Yes,1.18,0.64,3.65,
CMP-01043,Q3_Winter_CMP-01043,2023-04-30,2023-05-12,Instagram,61179,1176,523.32,93.27902072934586,No,1.92,0.45,7.93,5.61
CMP-01044,Q2_Winter_CMP-01044,2023-07-13,2023-07-30,TikTok,86889,1990,1381.94,,Yes,2.29,0.69,12.54,5.54
CMP-01045,Q4_Summer_CMP-01045,2023-03-11,2023-04-04,TikTok,84260,1353,2618.5,92.60219071444551,No,1.61,1.94,6.84,28.28
CMP-01046,Q1_Launch_CMP-01046,2023-11-19,2023-11-30,Instagram,11410,569,1101.58,12.77419248631255,No,4.99,1.94,,86.23
CMP-01047,Q2_Winter_CMP-01047,2023-09-23,2023-10-16,Email,59776,916,869.52,55.24731264270878,No,1.53,0.95,6.03,15.74
CMP-01048,Q4_Summer_CMP-01048,2023-10-05,2023-10-24,Google Ads,38403,1627,1389.21,142.6057587425965,Yes,4.24,,8.76,9.74
CMP-01049,Q4_Summer_CMP-01049,2023-03-03,2023-03-12,Google Ads,80041,973,1135.51,193.1709417136535,Yes,1.22,1.17,19.85,
CMP-01050,Q1_Launch_CMP-01050,2023-09-16,2023-10-13,Email,50843,2496,1986.49,211.33010970908515,Yes,4.91,,8.47,9.4
CMP-01051,Q3_Winter_CMP-01051,2023-11-02,2023-11-15,Facebook,99138,1501,,40.44764147258354,Yes,1.51,1.97,,72.94
CMP-01052,Q2_Winter_CMP-01052,2023-03-05,2023-03-10,Facebook,43516,1043,,125.58952278429939,Yes,2.4,,12.04,
CMP-01053,Q3_Winter_CMP-01053,2023-10-02,2023-10-30,Facebook,68071,2051,1902.39,378.88453990173883,No,3.01,0.93,18.47,5.02
CMP-01054,Q1_BlackFriday_CMP-01054,2023-05-11,2023-06-07,Email,11304,117,120.5,18.658245385696706,Yes,1.04,1.03,15.95,6.46
CMP-01055,Q1_Launch_CMP-01055,2023-10-15,2023-10-17,TikTok,93269,3894,1996.1,657.624478235269,Yes,4.18,0.51,16.89,
CMP-01056,Q1_BlackFriday_CMP-01056,2023-06-24,2023-07-21,Facebook,15776,273,,50.87738326382788,No,1.73,,18.64,5.1
CMP-01057,Q3_Winter_CMP-01057,2023-10-20,2023-11-17,Email,38147,1133,1990.05,148.35871997380477,Yes,2.97,,13.09,13.41
CMP-01058,Q4_Summer_CMP-01058,2023-02-23,2023-03-20,Email,83842,2492,1342.23,495.99601450981856,Yes,2.97,0.54,19.9,2.71
CMP-01059,Q3_Winter_CMP-01059,2023-05-23,2023-05-31,Email,96758,3107,,,No,3.21,1.29,1.63,
CMP-01060,Q2_Winter_CMP-01060,2023-04-10,2023-04-29,Facebook,48696,365,361.82,61.54613154055605,Yes,0.75,0.99,16.86,
CMP-01061,Q4_Summer_CMP-01061,2023-04-17,2023-04-01,Instagram,48729,613,361.62,105.94603267925784,Yes,1.26,0.59,17.28,3.41
CMP-01062,Q4_Summer_CMP-01062,2023-04-23,2023-05-11,Facebook,5347,65,,11.971249825910268,Yes,1.22,,18.42,
CMP-01063,Q1_Launch_CMP-01063,2023-05-20,2023-06-07,TikTok,97897,1820,1391.72,183.5509984504766,Yes,1.86,,10.09,7.58
CMP-01064,Q4_Summer_CMP-01064,2023-02-16,2023-03-07,TikTok,2140,24,,3.8321670117099362,Yes,1.12,,15.97,2.54
CMP-01065,Q4_Summer_CMP-01065,2023-09-16,2023-10-01,Google Ads,3095,143,134.49,6.730334444122456,Yes,4.62,0.94,4.71,
CMP-01066,Q2_Winter_CMP-01066,2023-07-20,2023-08-10,Google Ads,47610,1337,2242.63,166.5831711020218,Yes,2.81,1.68,12.46,13.46
CMP-01067,Q1_BlackFriday_CMP-01067,2023-10-30,2023-11-15,Facebook,861,28,42.66,2.1879922105736145,No,3.25,,7.81,19.5
CMP-01068,Q4_Summer_CMP-01068,2023-09-15,2023-09-16,TikTok,16855,355,678.25,,Yes,2.11,1.91,12.33,15.5
CMP-01069,Q2_Winter_CMP-01069,2023-02-24,2023-02-26,Email,62958,1097,1125.44,151.77707650700455,Yes,1.74,1.03,13.84,7.42
CMP-01070,Q1_Launch_CMP-01070,2023-01-26,2023-02-23,Google Ads,70660,1953,2935.87,,Yes,2.76,1.5,7.59,
CMP-01071,Q4_Summer_CMP-01071,2023-06-04,2023-07-01,TikTok,30168,550,787.09,28.096902277150125,No,1.82,1.43,5.11,28.01
CMP-01072,Q2_Winter_CMP-01072,2023-06-25,2023-07-12,,79634,1629,1089.77,115.8556246710527,Yes,2.05,0.67,7.11,9.41
CMP-01073,Q4_Summer_CMP-01073,2023-03-29,2023-04-04,Google Ads,60967,1546,1261.68,210.49080117786022,No,2.54,0.82,13.62,5.99
CMP-01074,Q3_Winter_CMP-01074,2023-10-13,2023-11-05,Google Ads,23215,644,773.26,89.2623312322051,Yes,2.77,1.2,13.86,
CMP-01075,Q3_Winter_CMP-01075,2023-08-01,2023-08-06,Facebook,71388,3519,5821.54,530.8419165950728,No,4.93,1.65,15.09,10.97
CMP-01076,Q1_Launch_CMP-01076,2023-10-01,2023-10-12,TikTok,59421,894,970.06,30.43350833215984,Yes,1.5,1.09,3.4,31.87
CMP-01077,Q4_Summer_CMP-01077,2023-02-09,2023-02-19,Google Ads,81305,2191,1505.57,362.6506043890298,Yes,2.69,0.69,,
CMP-01078,Q1_Launch_CMP-01078,2023-10-25,2023-10-26,Instagram,15867,186,369.93,26.179143306457366,Yes,1.17,1.99,14.07,
CMP-01079,Q3_Winter_CMP-01079,2023-03-17,2023-04-10,Google Ads,23470,487,241.79,7.692634746184844,Yes,2.07,0.5,1.58,31.43
CMP-01080,Q1_BlackFriday_CMP-01080,2023-06-13,2023-06-28,Email,30706,1144,2202.21,84.38554855320264,No,3.73,1.93,7.38,
CMP-01081,Q1_BlackFriday_CMP-01081,2023-06-10,2023-06-20,Facebook,34470,442,740.52,43.61441127102595,No,1.28,1.68,,16.98
CMP-01082,Q1_BlackFriday_CMP-01082,2023-10-27,2023-11-11,Google Ads,88935,2771,4783.08,217.5715025137541,No,3.12,1.73,7.85,
CMP-01083,Q1_BlackFriday_CMP-01083,2023-04-12,2023-04-13,Facebook,73387,1743,2878.32,,Yes,2.38,1.65,,51.11
CMP-01084,Q3_Winter_CMP-01084,2023-03-29,2023-04-11,TikTok,54637,400,261.56,19.758317622380535,No,0.73,0.65,4.94,13.24
CMP-01085,Q2_Winter_CMP-01085,2023-05-04,2023-05-20,Facebook,54275,2550,3507.24,37.39999583395922,Yes,4.7,1.38,1.47,93.78
CMP-01086,Q1_BlackFriday_CMP-01086,2023-05-12,2023-05-22,Facebook,88645,2093,,57.94399475507366,No,2.36,1.59,2.77,57.31
CMP-01087,Q1_BlackFriday_CMP-01087,2023-03-08,2023-04-02,TikTok,44956,1810,2837.48,,No,4.03,1.57,6.06,25.87
CMP-01088,Q1_BlackFriday_CMP-01088,2023-03-06,2023-03-14,TikTok,22912,543,413.58,90.02633230563833,Yes,2.37,,16.58,4.59
CMP-01089,Q4_Summer_CMP-01089,2023-03-26,2023-03-30,,14121,666,404.86,73.30071050745332,No,4.72,,11.01,
CMP-01090,Q1_Launch_CMP-01090,2023-06-20,2023-07-06,TikTok,33337,602,516.4,54.5740687372487,Yes,1.81,0.86,9.07,9.46
CMP-01091,Q3_Winter_CMP-01091,2023-05-06,2023-06-01,TikTok,65502,1542,1720.46,209.4204993209757,Yes,2.35,,13.58,8.22
CMP-01092,Q3_Winter_CMP-01092,2023-05-24,2023-06-04,Email,47359,1854,,209.29250998008632,Yes,3.91,1.28,11.29,11.3
CMP-01093,Q1_BlackFriday_CMP-01093,2023-09-20,2023-09-22,TikTok,42467,869,1497.13,30.404264446621447,No,2.05,1.72,3.5,49.24
CMP-01094,Q2_Winter_CMP-01094,2023-03-29,2023-04-27,Instagram,48267,1032,1658.79,53.97198917864709,Yes,2.14,1.61,,30.73
CMP-01095,Q2_Winter_CMP-01095,2023-11-29,2023-12-12,Google Ads,97500,4852,7032.76,253.65891415002136,Yes,4.98,1.45,5.23,27.73
CMP-01096,Q1_Launch_CMP-01096,2023-10-02,2023-10-08,Facebook,99765,2993,,371.1049953472606,No,3.0,0.75,12.4,6.03
CMP-01097,Q1_BlackFriday_CMP-01097,2023-03-05,2023-03-23,TikTok,16548,596,664.0,58.234343227281585,Yes,3.6,,9.77,11.4
CMP-01098,Q4_Summer_CMP-01098,2023-04-25,2023-05-05,Facebook,11887,403,350.71,33.707388240284565,No,3.39,0.87,,10.4
CMP-01099,Q1_Launch_CMP-01099,2023-03-08,2023-04-05,Email,24808,1048,732.95,121.31799210422162,Yes,4.22,,11.58,6.04
CMP-01100,Q3_Winter_CMP-01100,2023-04-10,2023-04-19,Google Ads,85270,3733,1184.92,725.4040233819944,Yes,4.38,0.32,19.43,1.63
CMP-01101,Q3_Winter_CMP-01101,2023-05-14,2023-05-30,Google Ads,46221,1402,1229.67,97.71485282416445,No,3.03,0.88,6.97,12.58
CMP-01102,Q3_Winter_CMP-01102,2023-02-17,2023-03-05,TikTok,86436,1577,,,Yes,1.82,0.74,10.88,6.76
CMP-01103,Q1_BlackFriday_CMP-01103,2023-01-06,2023-01-14,Facebook,64851,390,,39.49541815922897,No,0.6,,10.13,12.56
CMP-01104,Q1_Launch_CMP-01104,2023-06-10,2023-06-25,Google Ads,55543,1813,735.92,264.9920251454912,No,3.26,0.41,14.62,2.78
CMP-01105,Q2_Winter_CMP-01105,2023-09-13,2023-09-17,Instagram,28510,1201,912.62,178.65493625102164,No,4.21,0.76,14.88,5.11
CMP-01106,Q1_Launch_CMP-01106,2023-04-21,2023-05-10,,34731,877,329.85,130.25505430905494,Yes,2.53,0.38,14.85,
CMP-01107,Q2_Winter_CMP-01107,2023-11-11,2023-12-03,TikTok,15197,188,261.4,9.078279395411965,No,1.24,1.39,4.83,28.79
CMP-01108,Q1_BlackFriday_CMP-01108,2023-05-15,2023-06-12,TikTok,52162,937,1186.17,89.32205106638224,Yes,1.8,1.27,9.53,13.28
CMP-01109,Q1_BlackFriday_CMP-01109,2023-11-25,2023-12-05,TikTok,28397,793,692.86,130.14969069736017,Yes,2.79,0.87,16.41,5.32
CMP-01110,Q1_Launch_CMP-01110,2023-03-28,2023-04-06,Instagram,29600,1262,694.69,104.10330429223556,Yes,4.26,0.55,,6.67
CMP-01111,Q4_Summer_CMP-01111,2023-08-01,2023-07-16,Instagram,4434,56,107.99,11.032474447964844,Yes,1.26,1.93,19.7,9.79
CMP-01112,Q2_Winter_CMP-01112,2023-10-06,2023-10-27,TikTok,80011,2604,3368.19,206.52188836910844,Yes,3.25,1.29,7.93,16.31
CMP-01113,Q1_Launch_CMP-01113,2023-01-22,2023-02-20,Instagram,93956,3655,5316.17,382.1547282476298,Yes,3.89,1.45,10.46,13.91
CMP-01114,Q2_Winter_CMP-01114,2023-12-06,2023-12-07,Facebook,50078,2359,,236.27711684644953,Yes,4.71,1.2,10.02,12.01
CMP-01115,Q1_Launch_CMP-01115,2023-05-14,2023-05-21,Google Ads,53835,551,920.78,50.910263480504995,No,1.02,1.67,9.24,
CMP-01116,Q3_Winter_CMP-01116,2023-07-01,2023-07-09,,92621,4324,7886.31,737.9769069566684,Yes,4.67,1.82,17.07,10.69
CMP-01117,Q1_BlackFriday_CMP-01117,2023-08-18,2023-08-26,Email,51392,1647,1565.65,65.06028008589988,Yes,3.2,0.95,3.95,24.06
CMP-01118,Q3_Winter_CMP-01118,2023-08-23,2023-09-06,Email,62457,2467,3634.0,290.75147783742625,Yes,3.95,1.47,11.79,12.5
CMP-01119,Q4_Summer_CMP-01119,2023-01-09,2023-02-04,TikTok,43095,319,,,Yes,0.74,0.69,12.75,5.42
CMP-01120,Q3_Winter_CMP-01120,2023-11-13,2023-11-14,Google Ads,51674,1435,2020.7,246.43548964511396,No,2.78,1.41,17.17,8.2
CMP-01121,Q1_Launch_CMP-01121,2023-08-16,2023-09-09,TikTok,52425,1730,1692.92,217.54409256771186,No,3.3,0.98,,7.78
CMP-01122,Q1_Launch_CMP-01122,2023-12-31,2024-01-18,Google Ads,71251,1340,417.45,257.82118054676897,Yes,1.88,0.31,19.24,1.62
CMP-01123,Q2_Winter_CMP-01123,2023-06-22,2023-07-10,TikTok,60616,1480,2848.11,260.0535606877732,No,2.44,,17.57,10.95
CMP-01124,Q2_Winter_CMP-01124,2023-08-12,2023-09-01,Google Ads,50641,1516,2692.95,115.61105472352077,Yes,2.99,1.78,7.63,23.29
CMP-01125,Q1_BlackFriday_CMP-01125,2023-06-10,2023-06-14,Instagram,8046,240,190.66,41.61173390526206,No,2.98,0.79,17.34,4.58
CMP-01126,Q1_BlackFriday_CMP-01126,2023-11-21,2023-12-13,Email,90498,622,1241.63,119.49290806956459,Yes,0.69,2.0,19.21,10.39
CMP-01127,Q1_BlackFriday_CMP-01127,2023-10-31,2023-11-08,Facebook,88883,2202,,129.62615655522842,Yes,2.48,0.84,5.89,
CMP-01128,Q4_Summer_CMP-01128,2023-11-28,2023-12-13,Instagram,18852,275,,34.63341014821535,Yes,1.46,1.08,12.59,
CMP-01129,Q3_Winter_CMP-01129,2023-07-04,2023-07-24,Email,29684,1372,2397.08,87.18064386934788,Yes,4.62,1.75,6.35,27.5
CMP-01130,Q4_Summer_CMP-01130,2023-11-03,2023-10-16,Google Ads,97348,4764,3896.06,635.6023183340601,No,4.89,0.82,13.34,6.13
CMP-01131,Q3_Winter_CMP-01131,2023-05-11,2023-05-21,TikTok,32445,599,638.49,16.64748758549656,Yes,1.85,,2.78,38.35
CMP-01132,Q4_Summer_CMP-01132,2023-06-18,2023-06-30,Facebook,81312,1047,1498.78,156.52202319041163,Yes,1.29,1.43,14.95,9.58
CMP-01133,Q4_Summer_CMP-01133,2023-10-05,2023-10-19,Facebook,78681,1170,610.5,105.02594789674471,Yes,1.49,0.52,,5.81
CMP-01134,Q4_Summer_CMP-01134,2023-01-30,2023-02-01,TikTok,86142,2282,2323.07,277.4646465305295,No,2.65,,12.16,8.37
CMP-01135,Q4_Summer_CMP-01135,2023-09-17,2023-10-09,Email,2092,92,75.99,1.3720747961107476,No,4.4,0.83,1.49,
CMP-01136,Q1_Launch_CMP-01136,2023-01-06,2023-01-09,Google Ads,48549,1335,1936.44,189.7487251140998,No,2.75,1.45,14.21,10.21
CMP-01137,Q4_Summer_CMP-01137,2023-07-31,2023-08-14,Google Ads,56768,425,225.74,44.301301846420905,No,0.75,0.53,10.42,5.1
CMP-01138,Q2_Winter_CMP-01138,2023-06-24,2023-07-13,Instagram,83801,569,395.82,73.2858864411326,No,0.68,0.7,12.88,5.4
CMP-01139,Q4_Summer_CMP-01139,2023-06-21,2023-06-24,,22834,347,523.74,,Yes,1.52,,7.0,21.57
CMP-01140,Q3_Winter_CMP-01140,2023-06-30,2023-07-29,TikTok,31024,1331,752.79,50.186463656541484,Yes,4.29,0.57,,15.0
CMP-01141,Q1_BlackFriday_CMP-01141,2023-06-29,2023-07-10,Facebook,18400,606,616.56,56.195288381435795,Yes,3.29,,9.27,
CMP-01142,Q2_Winter_CMP-01142,2023-05-29,2023-05-30,Email,76313,2314,3498.53,438.1698604647625,Yes,3.03,1.51,18.94,
CMP-01143,Q1_BlackFriday_CMP-01143,2023-06-14,2023-07-04,Email,99887,1933,3095.31,102.99191216914308,No,1.94,1.6,5.33,30.05
CMP-01144,Q1_BlackFriday_CMP-01144,2023-07-27,2023-08-13,Instagram,14474,677,312.3,93.70317211809441,Yes,4.68,0.46,13.84,3.33
CMP-01145,Q2_Winter_CMP-01145,2023-10-06,2023-10-25,Instagram,23694,471,823.49,9.170498755651108,Yes,1.99,1.75,1.95,89.8
CMP-01146,Q3_Winter_CMP-01146,2023-07-21,2023-08-12,Email,31051,1321,2022.12,193.44586510414635,No,4.25,1.53,,10.45
CMP-01147,Q3_Winter_CMP-01147,2023-08-23,2023-09-06,Facebook,88958,4031,3534.38,222.92665699939553,Yes,4.53,0.88,5.53,15.85
CMP-01148,Q4_Summer_CMP-01148,2023-11-02,2023-11-26,Google Ads,44850,1199,1916.56,114.85010149084422,Yes,2.67,1.6,9.58,16.69
CMP-01149,Q4_Summer_CMP-01149,2023-12-28,2024-01-08,Email,28552,1291,1985.7,103.11615804489213,Yes,4.52,1.54,7.99,
CMP-01150,Q1_BlackFriday_CMP-01150,2023-02-09,2023-02-25,Email,32570,568,750.62,17.857729850809005,No,1.74,1.32,3.14,
CMP-01151,Q2_Winter_CMP-01151,2023-09-18,2023-09-23,TikTok,60012,2078,-2596.29,157.22266649069928,Yes,3.46,-1.25,7.57,-16.51
CMP-01152,Q3_Winter_CMP-01152,2023-03-24,2023-04-11,TikTok,39008,349,540.6,26.706785984421135,Yes,0.89,1.55,,20.24
CMP-01153,Q3_Winter_CMP-01153,2023-03-13,2023-03-21,Email,14470,380,759.52,41.49602713794806,Yes,2.63,2.0,10.92,18.3
CMP-01154,Q1_BlackFriday_CMP-01154,2023-10-17,2023-11-07,TikTok,82100,1213,1556.93,236.22785779667888,No,1.48,1.28,19.47,6.59
CMP-01155,Q2_Winter_CMP-01155,2023-01-26,2023-02-19,Facebook,42512,332,556.04,32.96870531997056,Yes,0.78,1.67,9.93,16.87
CMP-01156,Q3_Winter_CMP-01156,2023-11-06,2023-12-01,Instagram,26039,134,,24.62128992240686,Yes,0.51,1.57,18.37,8.52
CMP-01157,Q1_Launch_CMP-01157,2023-10-09,2023-11-05,Google Ads,72979,1431,2511.23,139.80291178657316,No,1.96,1.75,9.77,
CMP-01158,Q1_BlackFriday_CMP-01158,2023-12-30,2024-01-03,Google Ads,74655,2353,,71.60938352215918,No,3.15,1.92,3.04,63.18
CMP-01159,Q2_Winter_CMP-01159,2023-09-01,2023-09-06,Facebook,15926,405,254.44,21.7602652914836,Yes,2.54,0.63,5.37,11.69
CMP-01160,Q2_Winter_CMP-01160,2023-11-15,2023-12-12,TikTok,7834,145,84.29,12.677111975386886,Yes,1.85,0.58,8.74,6.65
CMP-01161,Q3_Winter_CMP-01161,2023-02-13,2023-02-25,Instagram,5018,248,321.61,17.811376582355106,Yes,4.94,1.3,7.18,18.06
CMP-01162,Q3_Winter_CMP-01162,2023-11-21,2023-11-22,Facebook,76691,3625,,632.5899217880036,No,4.73,1.06,17.45,6.1
CMP-01163,Q1_BlackFriday_CMP-01163,2023-02-28,2023-03-09,Google Ads,62761,668,848.51,92.8136998307863,Yes,1.06,1.27,13.89,
CMP-01164,Q3_Winter_CMP-01164,2023-04-25,2023-05-20,Facebook,79306,1877,3109.57,225.0121432077565,No,2.37,1.66,11.99,13.82
CMP-01165,Q3_Winter_CMP-01165,2023-02-16,2023-02-27,Facebook,62827,2148,,221.96060445071814,No,3.42,1.88,10.33,18.23
CMP-01166,Q1_Launch_CMP-01166,2023-05-27,2023-05-30,Email,40469,1538,1552.78,131.4704200764311,Yes,3.8,1.01,,11.81
CMP-01167,Q1_Launch_CMP-01167,2023-10-01,2023-10-22,Google Ads,59160,1271,1932.54,160.54835229503243,Yes,2.15,1.52,12.63,12.04
CMP-01168,Q2_Winter_CMP-01168,2023-04-08,2023-04-14,Email,72386,2792,-1771.69,94.02160912493522,No,3.86,-0.63,3.37,-18.84
CMP-01169,Q1_BlackFriday_CMP-01169,2023-10-28,2023-11-08,TikTok,40185,425,513.71,17.37455494851513,No,1.06,1.21,4.09,29.57
CMP-01170,Q1_BlackFriday_CMP-01170,2023-08-10,2023-08-11,Email,91556,1824,614.81,123.28800343316033,No,1.99,0.34,6.76,
CMP-01171,Q4_Summer_CMP-01171,2023-08-18,2023-09-05,,90010,3351,3875.02,142.50153345460149,Yes,3.72,1.16,4.25,27.19
CMP-01172,Q4_Summer_CMP-01172,2023-12-09,2023-12-22,Google Ads,80170,2658,3261.56,368.52839508191295,No,3.32,1.23,13.86,8.85
CMP-01173,Q2_Winter_CMP-01173,2023-07-03,2023-06-07,TikTok,99230,4234,6563.79,62.26512383846809,No,4.27,,,
CMP-01174,Q1_Launch_CMP-01174,2023-05-06,2023-05-16,Facebook,39349,279,391.75,11.281008833254424,No,0.71,,4.04,34.73
CMP-01175,Q1_Launch_CMP-01175,2023-12-30,2024-01-05,TikTok,11853,152,138.21,27.587322202325442,Yes,1.28,0.91,18.15,5.01
CMP-01176,Q2_Winter_CMP-01176,2023-07-23,2023-07-28,TikTok,48679,349,108.1,69.63708615860659,Yes,0.72,0.31,19.95,1.55
CMP-01177,Q2_Winter_CMP-01177,2023-08-13,2023-08-19,TikTok,74716,1019,505.76,104.59239241229709,Yes,1.36,0.5,10.26,4.84
CMP-01178,Q1_Launch_CMP-01178,2023-04-19,2023-05-03,TikTok,78046,405,791.45,,No,0.52,1.95,10.41,18.77
CMP-01179,Q2_Winter_CMP-01179,2023-03-20,2023-03-23,Email,39157,1084,,170.12920907042277,No,2.77,1.87,15.69,11.9
CMP-01180,Q1_Launch_CMP-01180,2023-03-03,2023-03-15,Email,29613,852,726.46,14.37836882521869,Yes,2.88,0.85,1.69,50.52
CMP-01181,Q4_Summer_CMP-01181,2023-03-23,2023-04-17,Facebook,44824,1551,1147.82,141.34896050139923,Yes,3.46,0.74,9.11,8.12
CMP-01182,Q1_BlackFriday_CMP-01182,2023-03-13,2023-04-05,Email,80486,1796,,52.02526639053689,Yes,2.23,1.04,2.9,35.97
CMP-01183,Q4_Summer_CMP-01183,2023-09-30,2023-10-19,Instagram,6529,33,48.61,,No,0.51,1.47,8.62,17.09
CMP-01184,Q3_Winter_CMP-01184,2023-01-22,2023-02-17,Instagram,33143,1170,1060.73,230.40359528294888,No,3.53,0.91,19.69,4.6
CMP-01185,Q3_Winter_CMP-01185,2023-08-18,2023-09-10,,23373,173,71.69,26.501925940006483,Yes,0.74,0.41,15.32,2.71
CMP-01186,Q2_Winter_CMP-01186,2023-12-13,2024-01-01,Email,80696,3548,3493.9,699.5191257169191,Yes,4.4,0.98,19.72,4.99
CMP-01187,Q1_Launch_CMP-01187,2023-10-07,2023-11-02,Instagram,47230,284,211.01,43.096783841185676,No,0.6,0.74,15.17,4.9
CMP-01188,Q3_Winter_CMP-01188,2023-05-28,2023-06-01,Google Ads,9136,263,224.18,33.01726028817522,Yes,2.88,0.85,12.55,6.79
CMP-01189,Q3_Winter_CMP-01189,2023-01-22,2023-02-15,Instagram,26547,1201,693.01,184.1156518656677,Yes,4.52,0.58,15.33,3.76
CMP-01190,Q1_Launch_CMP-01190,2023-11-01,2023-11-10,Email,4917,151,214.42,20.419340097537553,Yes,3.07,1.42,13.52,10.5
CMP-01191,Q3_Winter_CMP-01191,2023-01-02,2023-01-24,Email,47817,1548,1850.28,151.9711007147493,Yes,3.24,1.2,9.82,12.18
CMP-01192,Q2_Winter_CMP-01192,2023-09-06,2023-10-03,,99768,3558,2705.74,233.3471727142021,Yes,3.57,0.76,,11.6
CMP-01193,Q1_Launch_CMP-01193,2023-09-02,2023-09-17,Email,56939,598,742.46,65.0826311015694,No,1.05,,10.88,11.41
CMP-01194,Q4_Summer_CMP-01194,2023-03-12,2023-03-15,Instagram,87010,3077,3500.41,181.89303964699332,Yes,3.54,1.14,5.91,19.24
CMP-01195,Q3_Winter_CMP-01195,2023-10-09,2023-09-28,Instagram,74387,3318,5485.18,339.9905023240572,No,4.46,1.65,10.25,16.13
CMP-01196,Q4_Summer_CMP-01196,2023-03-06,2023-03-18,TikTok,88343,4314,8305.2,162.92134681727734,No,4.88,1.93,3.78,
CMP-01197,Q4_Summer_CMP-01197,2023-03-24,2023-04-21,TikTok,31446,784,409.36,92.06125394257728,Yes,2.49,0.52,11.74,4.45
CMP-01198,Q1_BlackFriday_CMP-01198,2023-10-24,2023-11-21,Email,95152,1950,,110.37760744588482,Yes,2.05,1.8,5.66,31.85
CMP-01199,Q1_BlackFriday_CMP-01199,2023-12-24,2024-01-10,Instagram,24244,943,1412.76,62.03576398321104,Yes,3.89,1.5,6.58,22.77
CMP-01200,Q4_Summer_CMP-01200,2023-04-07,2023-05-05,,44112,1298,1917.59,136.05032032637263,Yes,2.94,1.48,,14.09
CMP-01201,Q1_BlackFriday_CMP-01201,2023-12-03,2023-12-16,Google Ads,68286,1132,1059.9,46.27614649988159,No,1.66,0.94,4.09,22.9
CMP-01202,Q3_Winter_CMP-01202,2023-11-30,2023-12-12,Email,29040,370,327.32,71.35530581960512,Yes,1.27,0.88,19.29,4.59
CMP-01203,Q1_BlackFriday_CMP-01203,2023-10-08,2023-11-02,Instagram,26813,339,104.95,32.17768335445515,No,1.26,0.31,9.49,3.26
CMP-01204,Q4_Summer_CMP-01204,2023-02-21,2023-03-13,Instagram,13437,344,677.59,26.46497044840445,Yes,2.56,1.97,7.69,
CMP-01205,Q4_Summer_CMP-01205,2023-04-20,2023-05-06,Facebook,918,11,14.64,0.17102090464349415,Yes,1.2,1.33,1.55,85.6
CMP-01206,Q1_BlackFriday_CMP-01206,2023-09-19,2023-09-05,Instagram,50370,296,291.25,50.38462538143199,Yes,0.59,0.98,17.02,
CMP-01207,Q3_Winter_CMP-01207,2023-12-31,2024-01-21,Email,98682,724,886.47,93.32971338954623,Yes,0.73,1.22,12.89,9.5
CMP-01208,Q4_Summer_CMP-01208,2023-10-25,2023-11-16,Facebook,22394,1049,386.97,93.48371141141895,No,4.68,0.37,8.91,4.14
CMP-01209,Q2_Winter_CMP-01209,2023-06-03,2023-06-18,Facebook,44295,366,217.85,20.7343508659976,No,0.83,0.6,5.67,10.51
CMP-01210,Q1_BlackFriday_CMP-01210,2023-03-27,2023-03-28,Google Ads,93587,776,1055.14,117.62306100949881,Yes,0.83,1.36,15.16,8.97
CMP-01211,Q4_Summer_CMP-01211,2023-12-17,2023-12-20,Instagram,77345,1957,2298.0,371.1258114980241,No,2.53,1.17,18.96,6.19
CMP-01212,Q4_Summer_CMP-01212,2023-04-11,2023-04-16,Email,898,14,22.93,1.1529538170343738,No,1.56,1.64,8.24,
CMP-01213,Q3_Winter_CMP-01213,2023-05-05,2023-05-19,TikTok,50309,2430,3450.27,86.57228077069108,Yes,4.83,1.42,3.56,39.85
CMP-01214,Q1_BlackFriday_CMP-01214,2023-12-19,2024-01-06,Email,14748,678,896.61,,Yes,4.6,1.32,3.07,43.01
CMP-01215,Q1_Launch_CMP-01215,2023-07-25,2023-08-18,TikTok,25078,582,,6.523506900681105,Yes,2.32,,1.12,150.41
CMP-01216,Q1_Launch_CMP-01216,2023-04-07,2023-04-14,,25024,630,262.11,95.35146626037513,Yes,2.52,0.42,15.14,
CMP-01217,Q3_Winter_CMP-01217,2023-01-02,2023-01-25,Facebook,61441,1344,1981.74,264.0491257438506,No,2.19,1.47,,
CMP-01218,Q4_Summer_CMP-01218,2023-06-06,2023-06-26,Google Ads,20296,136,206.24,27.014410731152203,Yes,0.67,1.52,19.86,7.63
CMP-01219,Q1_BlackFriday_CMP-01219,2023-12-26,2023-12-28,Google Ads,25560,464,356.25,73.77482994287233,Yes,1.82,0.77,15.9,4.83
CMP-01220,Q3_Winter_CMP-01220,2023-06-07,2023-06-18,Instagram,22964,241,,,No,1.05,0.63,4.08,15.5
CMP-01221,Q4_Summer_CMP-01221,2023-09-13,2023-09-22,TikTok,36010,345,228.92,67.53885483510513,Yes,0.96,,19.58,3.39
CMP-01222,Q3_Winter_CMP-01222,2023-04-29,2023-04-03,Email,65776,1988,,143.7016936906969,No,3.02,,7.23,8.81
CMP-01223,Q1_BlackFriday_CMP-01223,2023-10-11,2023-11-07,Instagram,40296,380,452.36,27.887335805361648,Yes,0.94,1.19,,16.22
CMP-01224,Q4_Summer_CMP-01224,2023-10-11,2023-11-04,Facebook,33087,318,168.72,,Yes,0.96,0.53,14.06,3.77
CMP-01225,Q3_Winter_CMP-01225,2023-08-11,2023-08-27,Instagram,52001,1384,-1966.37,26.737974233097738,Yes,2.66,,1.93,
CMP-01226,Q1_BlackFriday_CMP-01226,2023-10-09,2023-10-24,Facebook,61694,1536,735.18,256.3526379762221,Yes,2.49,0.48,16.69,2.87
CMP-01227,Q1_Launch_CMP-01227,2023-07-31,2023-08-10,Email,2028,22,7.61,4.3887026157187705,Yes,1.08,0.35,,1.73
CMP-01228,Q1_BlackFriday_CMP-01228,2023-05-19,2023-06-11,Email,89080,463,390.21,72.81288837857004,No,0.52,,15.73,
CMP-01229,Q1_Launch_CMP-01229,2023-09-27,2023-09-30,Instagram,91684,1254,785.21,198.7822407950592,No,1.37,0.63,15.85,3.95
CMP-01230,Q2_Winter_CMP-01230,2023-11-01,2023-11-09,Facebook,60454,943,1867.82,79.36250035540894,No,1.56,1.98,8.42,
CMP-01231,Q1_BlackFriday_CMP-01231,2023-11-03,2023-11-07,Instagram,57672,2365,,53.27177615418544,Yes,4.1,0.82,2.25,36.19
CMP-01232,Q4_Summer_CMP-01232,2023-03-19,2023-04-03,Email,69606,3215,2178.19,516.3509022020976,No,4.62,0.68,16.06,
CMP-01233,Q1_BlackFriday_CMP-01233,2023-09-04,2023-09-13,Facebook,44366,1032,,127.41075768029329,Yes,2.33,0.63,12.35,5.14
CMP-01234,Q4_Summer_CMP-01234,2023-01-02,2023-01-08,TikTok,36867,856,800.83,156.45484439881582,No,2.32,0.94,18.28,5.12
CMP-01235,Q4_Summer_CMP-01235,2023-07-28,2023-08-08,Instagram,35592,1319,1754.19,42.2514624108099,No,3.71,1.33,3.2,41.52
CMP-01236,Q2_Winter_CMP-01236,2023-07-28,2023-08-22,TikTok,16393,544,886.34,36.977519801407034,Yes,3.32,,6.8,23.97
CMP-01237,Q1_Launch_CMP-01237,2023-05-13,2023-05-30,Google Ads,84196,1118,1028.31,87.79058017392174,Yes,1.33,0.92,7.85,11.71
CMP-01238,Q1_Launch_CMP-01238,2023-12-29,2024-01-22,Google Ads,32398,318,433.8,44.46375999027026,No,0.98,1.36,13.98,9.76
CMP-01239,Q2_Winter_CMP-01239,2023-11-19,2023-12-16,TikTok,28797,711,795.97,113.52649408360521,No,2.47,1.12,15.97,7.01
CMP-01240,Q1_Launch_CMP-01240,2023-02-11,2023-01-15,Instagram,96446,2933,5100.61,564.8778430918398,Yes,3.04,,19.26,9.03
CMP-01241,Q3_Winter_CMP-01241,2023-03-18,2023-03-29,Email,50917,572,,37.824849966669106,No,1.12,1.27,6.61,19.17
CMP-01242,Q4_Summer_CMP-01242,2023-03-17,2023-04-12,Email,62370,1134,899.05,117.69890058925272,Yes,1.82,0.79,10.38,7.64
CMP-01243,Q1_BlackFriday_CMP-01243,2023-11-24,2023-12-21,Email,24921,467,,7.239703326113609,Yes,1.87,1.5,1.55,96.51
CMP-01244,Q3_Winter_CMP-01244,2023-07-09,2023-08-06,Email,28112,471,,,No,1.68,,5.81,29.17
CMP-01245,Q1_BlackFriday_CMP-01245,2023-09-24,2023-10-05,TikTok,72969,1877,2048.27,,No,2.57,1.09,8.11,13.46
CMP-01246,Q1_BlackFriday_CMP-01246,2023-10-23,2023-10-30,Email,45366,1560,3086.05,191.60415961414284,Yes,3.44,1.98,12.28,16.11
CMP-01247,Q1_BlackFriday_CMP-01247,2023-10-08,2023-10-25,,15200,424,,42.17131296434946,Yes,2.79,1.79,9.95,18.04
CMP-01248,Q3_Winter_CMP-01248,2023-02-02,2023-03-02,,83633,1176,746.55,93.19830735657229,Yes,1.41,0.63,7.93,8.01
CMP-01249,Q2_Winter_CMP-01249,2023-02-21,2023-03-20,Google Ads,40574,390,638.62,50.144177319824216,Yes,0.96,1.64,12.86,12.74
CMP-01250,Q1_BlackFriday_CMP-01250,2023-05-25,2023-06-11,Instagram,67010,2813,,,Yes,4.2,1.32,16.74,
CMP-01251,Q2_Winter_CMP-01251,2023-05-04,2023-05-09,Email,34456,915,1106.4,51.1662649694056,Yes,2.66,1.21,5.59,21.62
CMP-01252,Q3_Winter_CMP-01252,2023-09-30,2023-10-13,TikTok,56284,438,,32.914130672051506,No,0.78,,7.51,15.62
CMP-01253,Q1_Launch_CMP-01253,2023-02-27,2023-03-20,TikTok,77675,1290,2258.53,185.6767865382886,Yes,1.66,1.75,14.39,12.16
CMP-01254,Q4_Summer_CMP-01254,2023-05-16,2023-06-02,TikTok,88573,3647,4881.45,575.5283790977484,Yes,4.12,1.34,15.78,
CMP-01255,Q4_Summer_CMP-01255,2023-04-08,2023-03-28,Email,21130,820,995.56,136.79683261625803,Yes,3.88,1.21,16.68,
CMP-01256,Q1_Launch_CMP-01256,2023-03-10,2023-03-20,,67407,2993,,148.9703842501733,Yes,4.44,,4.98,
CMP-01257,Q2_Winter_CMP-01257,2023-03-05,2023-03-07,Instagram,91506,2936,3118.37,330.18468166058483,Yes,3.21,1.06,11.25,9.44
CMP-01258,Q3_Winter_CMP-01258,2023-03-13,2023-03-22,Google Ads,64451,1548,,280.19126429825667,Yes,2.4,1.84,18.1,
CMP-01259,Q3_Winter_CMP-01259,2023-07-25,2023-08-14,Facebook,14737,356,537.54,30.071528782388498,Yes,2.42,1.51,8.45,17.88
CMP-01260,Q1_BlackFriday_CMP-01260,2023-05-30,2023-06-06,Email,19381,266,,24.386291379797424,Yes,1.37,0.39,9.17,4.22
CMP-01261,Q2_Winter_CMP-01261,2023-06-08,2023-07-07,Email,20678,708,1276.37,139.55838241352026,Yes,3.42,1.8,19.71,
CMP-01262,Q1_BlackFriday_CMP-01262,2023-06-27,2023-06-24,Google Ads,11085,347,591.75,10.923560952923083,No,3.13,1.71,,54.17
CMP-01263,Q3_Winter_CMP-01263,2023-09-28,2023-10-16,Email,75496,903,,130.0901333319329,Yes,1.2,1.23,14.41,
CMP-01264,Q1_BlackFriday_CMP-01264,2023-11-11,2023-11-26,Email,96531,4329,1463.59,742.574946332404,Yes,4.48,0.34,17.15,
CMP-01265,Q2_Winter_CMP-01265,2023-07-12,2023-08-06,Email,51929,1120,1406.87,43.28886033971891,Yes,2.16,1.26,3.87,
CMP-01266,Q1_Launch_CMP-01266,2023-08-23,2023-09-18,Instagram,60086,434,170.48,63.2538138411568,Yes,0.72,0.39,14.57,
CMP-01267,Q1_Launch_CMP-01267,2023-09-27,2023-10-13,Instagram,77483,1530,1292.31,151.85290113843556,Yes,1.97,0.84,9.93,8.51
CMP-01268,Q2_Winter_CMP-01268,2023-09-09,2023-09-28,TikTok,41860,1847,2528.81,317.77499815887256,No,4.41,1.37,17.2,7.96
CMP-01269,Q1_BlackFriday_CMP-01269,2023-02-19,2023-03-12,Google Ads,47509,2197,4068.74,400.76782061681234,Yes,4.62,1.85,18.24,
CMP-01270,Q1_Launch_CMP-01270,2023-12-25,2024-01-10,Facebook,59107,1599,1452.3,281.05963842739095,Yes,2.71,0.91,17.58,5.17
CMP-01271,Q2_Winter_CMP-01271,2023-03-02,2023-03-08,TikTok,30811,1480,2607.82,32.90510068721839,Yes,4.8,1.76,2.22,79.25
CMP-01272,Q1_Launch_CMP-01272,2023-05-31,2023-06-13,Email,6650,295,,45.37173826547931,Yes,4.44,1.86,15.38,
CMP-01273,Q1_BlackFriday_CMP-01273,2023-08-27,2023-09-04,Email,56993,2401,806.19,444.4016644327855,No,4.21,0.34,18.51,1.81
CMP-01274,Q4_Summer_CMP-01274,2023-05-28,2023-06-11,Facebook,82301,3595,2541.76,460.3620524002794,Yes,4.37,0.71,12.81,
CMP-01275,Q4_Summer_CMP-01275,2023-03-30,2023-04-17,Email,7786,172,259.16,21.356629656437057,Yes,2.21,1.51,12.42,
CMP-01276,Q4_Summer_CMP-01276,2023-12-04,2023-12-11,Email,22056,861,1366.09,15.972431324456977,Yes,3.9,1.59,1.86,
CMP-01277,Q4_Summer_CMP-01277,2023-01-27,2023-02-04,Email,26667,826,798.83,142.605822505,Yes,3.1,0.97,17.26,5.6
CMP-01278,Q4_Summer_CMP-01278,2023-03-31,2023-04-24,TikTok,80552,3011,4265.03,56.657013114755024,Yes,3.74,1.42,1.88,75.28
CMP-01279,Q1_Launch_CMP-01279,2023-12-29,2024-01-09,Facebook,50707,659,883.5,45.84453781542502,Yes,1.3,1.34,6.96,19.27
CMP-01280,Q1_BlackFriday_CMP-01280,2023-09-30,2023-09-24,TikTok,53670,2034,3168.19,378.14904021089734,Yes,3.79,,18.59,8.38
CMP-01281,Q4_Summer_CMP-01281,2023-02-01,2023-02-22,Email,64703,3111,4734.07,592.4948564159874,Yes,4.81,1.52,19.05,
CMP-01282,Q4_Summer_CMP-01282,2023-10-03,2023-10-24,TikTok,28018,521,232.36,103.39823450171158,No,1.86,0.45,19.85,2.25
CMP-01283,Q2_Winter_CMP-01283,2023-12-20,2024-01-13,TikTok,71497,3530,2008.66,354.8230129605628,Yes,4.94,0.57,10.05,
CMP-01284,Q1_BlackFriday_CMP-01284,2023-02-05,2023-02-28,TikTok,3505,77,40.47,3.3657942635541884,Yes,2.2,0.53,4.37,12.02
CMP-01285,Q2_Winter_CMP-01285,2023-06-01,2023-06-30,TikTok,11815,165,311.06,16.947059662091778,No,1.4,1.89,10.27,18.35
CMP-01286,Q1_Launch_CMP-01286,2023-06-20,2023-07-07,Google Ads,81675,821,1521.33,24.169793183704847,Yes,1.01,1.85,2.94,62.94
CMP-01287,Q1_BlackFriday_CMP-01287,2023-02-17,2023-02-26,Email,65991,2660,4403.9,,No,4.03,1.66,17.58,9.42
CMP-01288,Q2_Winter_CMP-01288,2023-03-15,2023-04-10,Google Ads,18057,541,269.65,63.027622207464034,No,3.0,0.5,11.65,4.28
CMP-01289,Q1_Launch_CMP-01289,2023-03-05,2023-03-13,TikTok,44156,831,1060.57,72.17743641943899,Yes,1.88,1.28,,14.69
CMP-01290,Q4_Summer_CMP-01290,2023-03-09,2023-03-18,TikTok,5654,183,113.15,4.595282525257569,Yes,3.24,0.62,2.51,
CMP-01291,Q2_Winter_CMP-01291,2023-06-22,2023-05-28,Email,67349,1343,,,No,1.99,,8.7,
CMP-01292,Q1_BlackFriday_CMP-01292,2023-06-19,2023-07-15,Instagram,75709,1906,1437.23,332.74262906239403,Yes,2.52,0.75,17.46,
CMP-01293,Q3_Winter_CMP-01293,2023-03-28,2023-04-07,Email,28200,1235,2110.84,177.404202055778,Yes,4.38,1.71,14.36,11.9
CMP-01294,Q1_Launch_CMP-01294,2023-04-16,2023-05-08,Facebook,35329,1238,675.41,31.77518682892956,Yes,3.5,0.55,2.57,
CMP-01295,Q1_BlackFriday_CMP-01295,2023-03-12,2023-04-08,Email,24063,945,1321.59,38.16133771083487,Yes,3.93,,4.04,34.63
CMP-01296,Q3_Winter_CMP-01296,2023-10-18,2023-11-11,Google Ads,39238,1226,2418.43,103.64433982540613,No,3.12,1.97,8.45,23.33
CMP-01297,Q2_Winter_CMP-01297,2023-03-19,2023-03-20,Facebook,27595,1369,,40.0586727574343,No,4.96,1.47,2.93,50.17
CMP-01298,Q4_Summer_CMP-01298,2023-11-28,2023-12-18,Facebook,25083,397,172.57,74.42472711205242,No,1.58,0.43,,2.32
CMP-01299,Q3_Winter_CMP-01299,2023-07-16,2023-07-21,Instagram,43305,727,1340.11,97.37110012486288,No,1.68,1.84,13.39,13.76
CMP-01300,Q1_Launch_CMP-01300,2023-10-20,2023-11-14,TikTok,85988,788,1097.87,22.076899755226655,No,0.92,,2.8,49.73
CMP-01301,Q4_Summer_CMP-01301,2023-08-21,2023-08-23,Google Ads,76392,2286,,365.14487821032935,Yes,2.99,1.08,15.97,6.73
CMP-01302,Q3_Winter_CMP-01302,2023-04-08,2023-05-07,Facebook,30084,980,1393.05,78.39718390009575,No,3.26,1.42,,
CMP-01303,Q4_Summer_CMP-01303,2023-08-08,2023-08-14,,94313,3552,6373.62,200.77830059607768,No,3.77,1.79,5.65,
CMP-01304,Q1_BlackFriday_CMP-01304,2023-04-11,2023-04-24,Email,21414,430,477.78,50.86776975647276,No,2.01,1.11,11.83,9.39
CMP-01305,Q4_Summer_CMP-01305,2023-02-13,2023-02-20,Google Ads,91118,505,607.64,6.3330561729159385,No,0.55,1.2,1.25,
CMP-01306,Q4_Summer_CMP-01306,2023-04-03,2023-04-27,Facebook,31270,1045,1117.27,102.85470541369983,Yes,3.34,1.07,9.84,10.86
CMP-01307,Q2_Winter_CMP-01307,2023-04-11,2023-04-23,Google Ads,54256,2709,1147.01,461.4048679960148,Yes,4.99,0.42,17.03,2.49
CMP-01308,Q2_Winter_CMP-01308,2023-02-19,2023-03-13,Email,20713,378,,70.43309654368352,No,1.82,1.64,18.63,
CMP-01309,Q3_Winter_CMP-01309,2023-01-09,2023-01-11,Facebook,76321,1013,521.59,76.06150395903215,Yes,1.33,0.51,7.51,
CMP-01310,Q1_BlackFriday_CMP-01310,2023-12-11,2023-12-25,Google Ads,32106,567,550.43,74.87969364302023,Yes,1.77,,13.21,7.35
CMP-01311,Q3_Winter_CMP-01311,2023-07-07,2023-08-03,Facebook,87320,2108,2018.62,111.92732353548523,Yes,2.41,0.96,5.31,
CMP-01312,Q2_Winter_CMP-01312,2023-05-27,2023-06-23,TikTok,8752,142,110.2,16.534548655167452,Yes,1.62,,11.64,6.66
CMP-01313,Q4_Summer_CMP-01313,2023-12-06,2023-12-13,Facebook,50449,1039,,60.53761341990105,Yes,2.06,0.98,5.83,16.89
CMP-01314,Q1_BlackFriday_CMP-01314,2023-03-24,2023-04-05,Facebook,16273,548,740.14,,Yes,3.37,1.35,11.86,
CMP-01315,Q1_BlackFriday_CMP-01315,2023-05-28,2023-06-09,Facebook,88951,1825,1513.58,,Yes,2.05,0.83,4.26,19.46
CMP-01316,Q2_Winter_CMP-01316,2023-11-06,2023-11-23,Email,41996,958,568.35,180.90314998159053,Yes,2.28,0.59,18.88,3.14
CMP-01317,Q4_Summer_CMP-01317,2023-08-19,2023-09-04,TikTok,67610,459,816.07,81.93807311747992,Yes,0.68,1.78,17.85,
CMP-01318,Q3_Winter_CMP-01318,2023-05-26,2023-05-30,Instagram,88006,4075,7947.94,301.60895463576423,Yes,4.63,,7.4,
CMP-01319,Q3_Winter_CMP-01319,2023-04-04,2023-04-27,Google Ads,53795,1253,1352.73,197.4301339663611,No,2.33,1.08,15.76,6.85
CMP-01320,Q2_Winter_CMP-01320,2023-01-13,2023-01-20,,6200,122,104.42,3.4337857503722695,Yes,1.97,0.86,,30.41
CMP-01321,Q1_Launch_CMP-01321,2023-02-01,2023-02-11,Google Ads,22461,199,75.76,29.98304595815208,Yes,0.89,0.38,15.07,2.53
CMP-01322,Q2_Winter_CMP-01322,2023-03-01,2023-03-26,Instagram,21661,726,,46.22241233877641,Yes,3.35,0.36,6.37,5.7
CMP-01323,Q3_Winter_CMP-01323,2023-11-04,2023-10-15,TikTok,91461,4012,3883.21,143.51700742623632,Yes,4.39,0.97,3.58,27.06
CMP-01324,Q1_BlackFriday_CMP-01324,2023-08-22,2023-09-03,Google Ads,90880,622,1170.24,86.36863813184907,No,0.68,1.88,13.89,13.55
CMP-01325,Q1_BlackFriday_CMP-01325,2023-06-08,2023-07-05,Email,47957,553,852.84,54.892602348283226,Yes,1.15,1.54,9.93,15.54
CMP-01326,Q1_Launch_CMP-01326,2023-10-13,2023-10-25,,89056,1031,921.46,114.15904658297666,Yes,1.16,0.89,11.07,
CMP-01327,Q4_Summer_CMP-01327,2023-02-28,2023-03-17,Facebook,24978,801,1558.49,87.22942784795016,No,3.21,1.95,10.89,17.87
CMP-01328,Q1_Launch_CMP-01328,2023-03-18,2023-03-26,Email,68105,3163,3254.37,,Yes,4.64,1.03,2.13,48.32
CMP-01329,Q4_Summer_CMP-01329,2023-05-24,2023-05-30,Facebook,39497,975,,19.26819114441842,No,2.47,0.77,1.98,
CMP-01330,Q2_Winter_CMP-01330,2023-12-01,2023-12-16,Facebook,24427,500,512.4,62.11091287506921,No,2.05,1.02,12.42,8.25
CMP-01331,Q3_Winter_CMP-01331,2023-08-13,2023-08-30,Email,25376,1001,660.28,128.66281632957669,No,3.94,0.66,,5.13
CMP-01332,Q4_Summer_CMP-01332,2023-11-07,2023-12-01,TikTok,42271,1623,,30.77721799256589,No,3.84,,1.9,
CMP-01333,Q3_Winter_CMP-01333,2023-04-01,2023-04-13,Google Ads,34295,552,504.53,45.21071712839432,Yes,1.61,0.91,8.19,11.16
CMP-01334,Q1_BlackFriday_CMP-01334,2023-11-06,2023-12-02,Facebook,21516,263,373.08,33.25417843963456,Yes,1.22,1.42,12.64,11.22
CMP-01335,Q3_Winter_CMP-01335,2023-01-27,2023-02-14,TikTok,33747,712,684.5,95.95575911027616,Yes,2.11,0.96,13.48,
CMP-01336,Q1_BlackFriday_CMP-01336,2023-03-25,2023-03-28,Email,13294,530,971.46,88.70736895914874,Yes,3.99,1.83,16.74,10.95
CMP-01337,Q4_Summer_CMP-01337,2023-07-10,2023-08-01,Google Ads,96982,3518,4897.22,316.4058730018271,Yes,3.63,1.39,,15.48
CMP-01338,Q2_Winter_CMP-01338,2023-01-19,2023-02-05,TikTok,38309,1339,1513.11,152.8722621016003,Yes,3.5,1.13,11.42,9.9
CMP-01339,Q4_Summer_CMP-01339,2023-11-10,2023-11-22,Google Ads,11184,473,248.16,56.7252209559644,Yes,4.23,0.52,11.99,
CMP-01340,Q3_Winter_CMP-01340,2023-11-13,2023-11-27,Instagram,57794,1009,1849.76,69.91220126150415,Yes,1.75,,6.93,26.46
CMP-01341,Q3_Winter_CMP-01341,2023-07-17,2023-07-26,Email,88370,1792,2203.42,36.24647302331992,No,2.03,1.23,2.02,60.79
CMP-01342,Q1_Launch_CMP-01342,2023-04-22,2023-05-10,,36313,250,196.15,2.7007314947424708,Yes,0.69,0.78,1.08,72.63
CMP-01343,Q1_Launch_CMP-01343,2023-02-06,2023-02-23,TikTok,84601,3730,6685.93,629.8620824031987,Yes,4.41,,16.89,
CMP-01344,Q3_Winter_CMP-01344,2023-08-14,2023-08-27,Instagram,61277,1912,750.55,91.86021648593253,Yes,3.12,0.39,4.8,8.17
CMP-01345,Q1_Launch_CMP-01345,2023-07-16,2023-07-25,Google Ads,74055,1363,1136.65,,No,1.84,0.83,12.97,
CMP-01346,Q1_BlackFriday_CMP-01346,2023-10-05,2023-10-17,Facebook,29977,243,294.66,29.072282088989766,Yes,0.81,1.21,11.96,10.14
CMP-01347,Q1_BlackFriday_CMP-01347,2023-08-08,2023-08-23,Google Ads,4175,156,,13.40512439458898,No,3.74,0.88,,
CMP-01348,Q4_Summer_CMP-01348,2023-02-16,2023-03-02,Email,34912,1350,1499.11,227.29103368171258,Yes,3.87,,16.84,6.6
CMP-01349,Q4_Summer_CMP-01349,2023-02-14,2023-02-23,Instagram,92483,3234,2423.36,461.47984448975376,Yes,3.5,0.75,14.27,5.25
CMP-01350,Q3_Winter_CMP-01350,2023-10-13,2023-10-30,Google Ads,79172,1121,584.2,16.053704297909444,No,1.42,0.52,1.43,
CMP-01351,Q1_Launch_CMP-01351,2023-02-28,2023-03-07,Facebook,78524,3619,1312.44,570.2526117807901,Yes,4.61,0.36,15.76,2.3
CMP-01352,Q2_Winter_CMP-01352,2023-12-09,2023-12-24,Facebook,87892,3418,1941.42,363.43517238670444,Yes,3.89,0.57,10.63,5.34
CMP-01353,Q3_Winter_CMP-01353,2023-02-08,2023-02-12,TikTok,37639,1302,2499.85,98.86563173331464,Yes,3.46,,7.59,25.29
CMP-01354,Q1_BlackFriday_CMP-01354,2023-09-23,2023-10-07,Facebook,32542,1115,1425.18,165.140514481999,Yes,3.43,1.28,14.81,8.63
CMP-01355,Q2_Winter_CMP-01355,2023-12-22,2024-01-14,Facebook,92556,4229,4783.98,593.5505940770739,Yes,4.57,1.13,14.04,
CMP-01356,Q3_Winter_CMP-01356,2023-06-11,2023-07-05,Email,57365,2683,2557.84,185.15856601845417,Yes,4.68,0.95,6.9,
CMP-01357,Q2_Winter_CMP-01357,2023-01-21,2023-02-11,Instagram,30146,958,1441.13,188.51273539004438,Yes,3.18,1.5,19.68,7.64
CMP-01358,Q1_Launch_CMP-01358,2023-11-16,2023-12-08,Google Ads,28177,669,361.35,89.14733574593096,No,2.37,0.54,13.33,4.05
CMP-01359,Q1_Launch_CMP-01359,2023-03-10,2023-03-12,TikTok,87789,1875,1442.66,234.55902256169958,Yes,2.14,0.77,12.51,6.15
CMP-01360,Q2_Winter_CMP-01360,2023-07-12,2023-07-22,TikTok,5806,243,343.85,5.656376381953417,Yes,4.19,1.42,2.33,60.79
CMP-01361,Q1_Launch_CMP-01361,2023-12-26,2024-01-14,Email,6638,225,250.74,14.190877859737526,No,3.39,1.11,6.31,
CMP-01362,Q1_Launch_CMP-01362,2023-09-29,2023-10-23,Instagram,73916,626,1007.33,59.42308783670695,Yes,0.85,1.61,9.49,16.95
CMP-01363,Q2_Winter_CMP-01363,2023-01-17,2023-02-03,Instagram,634,7,12.78,0.9087321867318696,No,1.1,1.83,12.98,14.06
CMP-01364,Q2_Winter_CMP-01364,2023-10-27,2023-11-21,Google Ads,17514,797,1354.69,85.61779660150111,Yes,4.55,1.7,10.74,15.82
CMP-01365,Q3_Winter_CMP-01365,2023-02-28,2023-03-08,Instagram,99067,4438,2721.17,687.7846301617466,No,4.48,0.61,15.5,3.96
CMP-01366,Q1_Launch_CMP-01366,2023-10-01,2023-10-06,Facebook,42858,2050,933.77,122.77012400624778,No,4.78,0.46,5.99,7.61
CMP-01367,Q2_Winter_CMP-01367,2023-08-15,2023-08-18,Instagram,72902,1768,1039.67,253.54857785529217,Yes,2.43,0.59,14.34,4.1
CMP-01368,Q3_Winter_CMP-01368,2023-04-16,2023-05-03,Facebook,48961,1972,3218.31,325.68258152918077,No,4.03,1.63,16.52,9.88
CMP-01369,Q1_BlackFriday_CMP-01369,2023-06-04,2023-06-24,Facebook,9511,402,,62.454517135025974,No,4.23,1.85,,
CMP-01370,Q4_Summer_CMP-01370,2023-02-13,2023-02-22,Facebook,18854,362,678.12,56.63882808796494,No,1.92,1.87,15.65,
CMP-01371,Q1_BlackFriday_CMP-01371,2023-12-27,2024-01-19,Facebook,76229,879,,157.17956363335426,Yes,1.15,0.81,,
CMP-01372,Q2_Winter_CMP-01372,2023-03-28,2023-04-19,TikTok,9908,494,853.92,12.840997997218746,Yes,4.99,1.73,2.6,66.5
CMP-01373,Q3_Winter_CMP-01373,2023-04-23,2023-05-04,Email,59664,379,459.2,53.994765054649164,Yes,0.64,1.21,14.25,8.5
CMP-01374,Q3_Winter_CMP-01374,2023-07-03,2023-07-10,Email,35127,1119,,217.14067233937078,No,3.19,1.7,19.4,8.75
CMP-01375,Q1_BlackFriday_CMP-01375,2023-09-03,2023-09-25,Facebook,37344,1279,1576.01,152.19284442601153,Yes,3.42,1.23,11.9,10.36
CMP-01376,Q1_BlackFriday_CMP-01376,2023-07-04,2023-07-24,Google Ads,95252,3398,1862.17,174.28375734336356,Yes,3.57,0.55,5.13,10.68
CMP-01377,Q1_BlackFriday_CMP-01377,2023-07-04,2023-07-09,Facebook,60790,1003,435.98,200.36251276639175,No,1.65,0.43,19.98,2.18
CMP-01378,Q4_Summer_CMP-01378,2023-08-01,2023-08-09,Facebook,61705,2312,,99.85224119061927,Yes,3.75,1.93,,
CMP-01379,Q3_Winter_CMP-01379,2023-11-10,2023-11-25,Email,35360,521,,38.42685646313732,Yes,1.47,,7.38,13.88
CMP-01380,Q3_Winter_CMP-01380,2023-05-25,2023-06-09,Email,38450,1626,1456.71,69.41689248959983,Yes,4.23,,4.27,
CMP-01381,Q1_BlackFriday_CMP-01381,2023-10-31,2023-11-05,,68734,1021,924.74,100.32085140882573,No,1.49,0.91,9.83,
CMP-01382,Q2_Winter_CMP-01382,2023-10-15,2023-11-12,Google Ads,4371,158,149.18,14.154657808520966,Yes,3.61,0.94,8.96,10.54
CMP-01383,Q2_Winter_CMP-01383,2023-12-17,2023-12-29,Instagram,24111,970,1849.3,100.23569722689857,Yes,4.02,1.91,10.33,18.45
CMP-01384,Q1_BlackFriday_CMP-01384,2023-11-30,2023-12-12,TikTok,60227,813,330.56,151.4755958065622,Yes,1.35,0.41,18.63,
CMP-01385,Q2_Winter_CMP-01385,2023-10-19,2023-10-21,Google Ads,62541,982,493.36,99.06576390894972,Yes,1.57,0.5,10.09,4.98
CMP-01386,Q2_Winter_CMP-01386,2023-04-01,2023-04-27,Instagram,9679,387,635.61,41.71047376648925,Yes,4.0,1.64,10.78,15.24
CMP-01387,Q3_Winter_CMP-01387,2023-10-10,2023-10-17,Facebook,78888,699,,124.75025048703175,Yes,0.89,1.23,17.85,6.91
CMP-01388,Q2_Winter_CMP-01388,2023-09-26,2023-10-25,Google Ads,54483,740,,122.37677395848542,No,1.36,0.52,16.54,3.14
CMP-01389,Q1_BlackFriday_CMP-01389,2023-04-16,2023-05-01,Email,24152,615,220.53,34.16151934869316,Yes,2.55,0.36,5.55,6.46
CMP-01390,Q1_BlackFriday_CMP-01390,2023-09-05,2023-10-01,TikTok,75319,3529,2403.95,43.95698224049636,Yes,4.69,,1.25,54.69
CMP-01391,Q2_Winter_CMP-01391,2023-04-03,2023-04-09,Facebook,99092,3000,2230.13,388.8147675551691,Yes,3.03,0.74,12.96,5.74
CMP-01392,Q3_Winter_CMP-01392,2023-07-10,2023-07-15,Instagram,42646,957,310.22,,Yes,2.24,,17.05,1.9
CMP-01393,Q1_BlackFriday_CMP-01393,2023-10-18,2023-11-11,Google Ads,28702,1407,938.97,161.86342060413824,No,4.9,0.67,11.5,
CMP-01394,Q4_Summer_CMP-01394,2023-03-10,2023-04-03,Email,30291,783,,,Yes,2.58,1.56,5.01,
CMP-01395,Q2_Winter_CMP-01395,2023-05-03,2023-05-19,Google Ads,59464,1457,,219.79932975164522,No,2.45,1.75,15.09,11.63
CMP-01396,Q3_Winter_CMP-01396,2023-10-18,2023-10-19,Email,5214,122,222.89,16.739920570929236,No,2.34,1.83,13.72,
CMP-01397,Q4_Summer_CMP-01397,2023-06-15,2023-07-13,Instagram,48601,925,890.64,108.55446844955316,No,1.9,0.96,11.74,8.2
CMP-01398,Q4_Summer_CMP-01398,2023-12-17,2023-12-29,Email,2965,58,-48.89,10.093964637711242,No,1.96,-0.84,17.4,-4.84
CMP-01399,Q1_Launch_CMP-01399,2023-01-03,2023-01-31,Instagram,4338,155,309.96,24.645937294054516,Yes,3.57,2.0,15.9,12.58
CMP-01400,Q2_Winter_CMP-01400,2023-09-21,2023-10-17,,43287,295,474.32,40.38871472424684,No,0.68,,13.69,11.74
CMP-01401,Q1_BlackFriday_CMP-01401,2023-10-25,2023-11-19,Facebook,74678,2664,3232.76,363.1142479127922,No,3.57,1.21,13.63,8.9
CMP-01402,Q2_Winter_CMP-01402,2023-12-02,2023-12-22,TikTok,88392,1242,910.52,168.68657764170692,Yes,1.41,0.73,13.58,5.4
CMP-01403,Q2_Winter_CMP-01403,2023-02-27,2023-03-19,TikTok,9219,205,173.47,22.505166814500164,Yes,2.22,0.85,10.98,7.71
CMP-01404,Q2_Winter_CMP-01404,2023-12-26,2024-01-11,Email,24784,287,337.55,28.167647282428977,Yes,1.16,1.18,9.81,11.98
CMP-01405,Q1_Launch_CMP-01405,2023-05-24,2023-05-25,Google Ads,42455,1268,1548.91,,No,2.99,,14.48,
CMP-01406,Q1_Launch_CMP-01406,2023-05-09,2023-05-21,Email,57618,2179,704.37,274.5408202734904,Yes,3.78,0.32,12.6,2.57
CMP-01407,Q2_Winter_CMP-01407,2023-05-10,2023-06-01,TikTok,98711,2068,3993.27,213.2031625391294,No,2.1,1.93,10.31,18.73
CMP-01408,Q1_BlackFriday_CMP-01408,2023-08-21,2023-09-14,Email,68588,847,,28.853611684903928,Yes,1.23,1.28,3.41,37.53
CMP-01409,Q1_Launch_CMP-01409,2023-08-29,2023-09-15,TikTok,54066,821,1068.59,117.7038717420073,Yes,1.52,1.3,14.34,
CMP-01410,Q2_Winter_CMP-01410,2023-06-22,2023-07-13,Google Ads,6552,273,180.04,36.23794585587907,Yes,4.17,0.66,13.27,4.97
CMP-01411,Q1_Launch_CMP-01411,2023-01-26,2023-01-27,Google Ads,8541,145,232.07,10.878944135570023,Yes,1.7,1.6,7.5,21.33
CMP-01412,Q3_Winter_CMP-01412,2023-12-27,2024-01-10,Instagram,15733,627,,48.71877879120209,Yes,3.99,,7.77,
CMP-01413,Q2_Winter_CMP-01413,2023-03-23,2023-04-07,Facebook,66248,1318,608.61,74.96421943514989,No,1.99,0.46,,8.12
CMP-01414,Q4_Summer_CMP-01414,2023-02-04,2023-03-02,Google Ads,33462,451,591.48,86.93651831791847,Yes,1.35,1.31,19.28,6.8
CMP-01415,Q3_Winter_CMP-01415,2023-08-07,2023-08-17,TikTok,24473,923,1309.67,160.08351300628792,No,3.77,1.42,17.34,
CMP-01416,Q4_Summer_CMP-01416,2023-05-31,2023-06-07,Facebook,67174,1752,3014.26,204.28200091073873,No,2.61,1.72,11.66,14.76
CMP-01417,Q4_Summer_CMP-01417,2023-08-13,2023-08-24,Instagram,81628,523,340.14,45.14227317351956,No,0.64,,8.63,7.53
CMP-01418,Q3_Winter_CMP-01418,2023-11-16,2023-11-21,Google Ads,44183,2129,3815.12,319.3431874178402,Yes,4.82,1.79,15.0,11.95
CMP-01419,Q1_BlackFriday_CMP-01419,2023-02-05,2023-02-22,Google Ads,88244,1027,1113.8,113.24559900746584,No,1.16,,11.03,9.84
CMP-01420,Q3_Winter_CMP-01420,2023-04-14,2023-05-03,Google Ads,73552,1537,713.31,300.34777743423075,No,2.09,0.46,19.54,2.37
CMP-01421,Q1_BlackFriday_CMP-01421,2023-07-08,2023-08-01,Facebook,71768,1601,,32.7777479289802,No,2.23,0.48,2.05,
CMP-01422,Q1_BlackFriday_CMP-01422,2023-10-15,2023-11-13,Email,86825,2346,1492.68,38.742523096996,Yes,2.7,0.64,1.65,
CMP-01423,Q3_Winter_CMP-01423,2023-08-08,2023-08-11,TikTok,18788,758,591.75,89.47135880852522,No,4.03,0.78,11.8,
CMP-01424,Q4_Summer_CMP-01424,2023-05-20,2023-05-28,Google Ads,75958,400,457.56,19.449220924356915,Yes,0.53,1.14,,23.53
CMP-01425,Q2_Winter_CMP-01425,2023-08-11,2023-08-20,Instagram,95794,4498,,561.4304242532655,Yes,4.7,1.57,12.48,12.6
CMP-01426,Q1_BlackFriday_CMP-01426,2023-12-24,2024-01-01,Email,99228,3380,2086.93,535.6298689329974,No,3.41,0.62,,3.9
CMP-01427,Q4_Summer_CMP-01427,2023-06-25,2023-07-19,TikTok,58015,2771,5507.38,100.42340816622371,No,4.78,1.99,3.62,
CMP-01428,Q1_BlackFriday_CMP-01428,2023-11-19,2023-11-24,TikTok,75558,3157,,295.8600311156045,Yes,4.18,0.57,9.37,6.13
CMP-01429,Q2_Winter_CMP-01429,2023-10-13,2023-10-12,Email,88916,4157,5482.84,585.4999225208044,Yes,4.68,1.32,,9.36
CMP-01430,Q4_Summer_CMP-01430,2023-04-20,2023-05-15,Facebook,85291,2733,5135.85,460.3303363433538,No,3.2,1.88,16.84,11.16
CMP-01431,Q3_Winter_CMP-01431,2023-04-30,2023-04-02,Instagram,89830,1893,3246.99,197.4500788633766,Yes,2.11,1.72,10.43,16.44
CMP-01432,Q1_Launch_CMP-01432,2023-10-09,2023-10-16,Google Ads,83320,2077,2910.73,,Yes,2.49,1.4,4.92,28.5
CMP-01433,Q1_Launch_CMP-01433,2023-03-17,2023-03-27,Facebook,38440,1330,2016.73,161.33147188648942,No,3.46,1.52,12.13,12.5
CMP-01434,Q3_Winter_CMP-01434,2023-05-03,2023-05-18,TikTok,73161,1771,935.35,170.6504484552751,No,2.42,0.53,,5.48
CMP-01435,Q2_Winter_CMP-01435,2023-03-27,2023-04-12,Instagram,41338,1567,495.84,245.4953573820456,Yes,3.79,0.32,15.67,2.02
CMP-01436,Q1_Launch_CMP-01436,2023-08-10,2023-09-08,Email,80279,733,,84.70507846154457,Yes,0.91,1.04,11.56,8.98
CMP-01437,Q3_Winter_CMP-01437,2023-04-18,2023-04-30,Google Ads,81119,3435,1553.25,216.71531976995166,Yes,4.23,0.45,6.31,
CMP-01438,Q4_Summer_CMP-01438,2023-08-29,2023-08-30,Google Ads,93500,1326,,203.32175219455615,Yes,1.42,,15.33,5.92
CMP-01439,Q2_Winter_CMP-01439,2023-12-08,2023-12-21,TikTok,59037,2802,1906.38,303.6581547606881,No,4.75,0.68,10.84,6.28
CMP-01440,Q1_BlackFriday_CMP-01440,2023-10-30,2023-11-16,Google Ads,47783,573,1064.51,25.059493146541513,No,1.2,1.86,4.37,42.48
CMP-01441,Q4_Summer_CMP-01441,2023-12-13,2023-12-28,Instagram,16971,183,328.69,,Yes,1.08,1.8,11.7,15.35
CMP-01442,Q3_Winter_CMP-01442,2023-01-09,2023-01-24,Google Ads,64009,2658,4497.88,505.50059662336275,Yes,4.15,1.69,19.02,8.9
CMP-01443,Q1_BlackFriday_CMP-01443,2023-06-16,2023-07-13,Google Ads,56857,2378,3599.59,342.54635701688795,Yes,4.18,1.51,14.4,10.51
CMP-01444,Q3_Winter_CMP-01444,2023-03-22,2023-04-15,Facebook,51736,1978,1111.48,132.07627930313762,Yes,3.82,0.56,6.68,8.42
CMP-01445,Q1_Launch_CMP-01445,2023-12-02,2023-12-10,Email,67794,3269,,474.2204379061471,Yes,4.82,0.38,14.51,2.63
CMP-01446,Q1_Launch_CMP-01446,2023-09-17,2023-09-28,Facebook,85178,1462,2063.77,93.12238107018526,Yes,1.72,1.41,,
CMP-01447,Q1_BlackFriday_CMP-01447,2023-04-27,2023-05-17,Instagram,15292,645,,72.95651704068163,No,4.22,1.39,,
CMP-01448,Q1_BlackFriday_CMP-01448,2023-07-25,2023-08-06,Instagram,43420,904,838.93,99.48808838815006,Yes,2.08,0.93,11.01,8.43
CMP-01449,Q4_Summer_CMP-01449,2023-08-09,2023-08-22,Facebook,72369,2111,2329.63,,No,2.92,1.1,5.7,19.36
CMP-01450,Q1_Launch_CMP-01450,2023-06-30,2023-07-05,Facebook,82062,2055,2325.34,156.38021449307496,Yes,2.5,1.13,7.61,14.87
CMP-01451,Q2_Winter_CMP-01451,2023-06-23,2023-07-01,Instagram,77949,410,290.23,77.49593532783295,No,0.53,0.71,18.9,3.75
CMP-01452,Q1_Launch_CMP-01452,2023-01-21,2023-02-12,Facebook,80035,2469,2059.35,142.24827941784406,No,3.08,0.83,5.76,14.48
CMP-01453,Q1_Launch_CMP-01453,2023-06-15,2023-07-10,TikTok,85576,3306,3343.23,536.2171271863675,Yes,3.86,1.01,16.22,6.23
CMP-01454,Q2_Winter_CMP-01454,2023-05-08,2023-05-31,Instagram,96207,1236,1638.2,169.08530701005097,Yes,1.28,1.33,13.68,9.69
CMP-01455,Q3_Winter_CMP-01455,2023-10-26,2023-11-04,Facebook,61002,2862,,318.25306968486024,No,4.69,1.92,11.12,17.31
CMP-01456,Q1_Launch_CMP-01456,2023-11-12,2023-11-16,Email,25267,729,886.04,26.33718456961979,Yes,2.89,1.22,3.61,33.64
CMP-01457,Q1_BlackFriday_CMP-01457,2023-10-01,2023-10-06,Google Ads,56572,736,1135.63,,Yes,1.3,1.54,4.89,31.57
CMP-01458,Q3_Winter_CMP-01458,2023-01-12,2023-01-24,TikTok,71107,2422,4049.35,106.58192282383209,Yes,3.41,1.67,4.4,37.99
CMP-01459,Q2_Winter_CMP-01459,2023-11-04,2023-11-20,Instagram,10519,143,70.49,17.37320001631685,No,1.36,,12.15,4.06
CMP-01460,Q3_Winter_CMP-01460,2023-05-25,2023-06-20,Email,75813,595,839.14,115.99097038902396,Yes,0.78,1.41,,7.23
CMP-01461,Q4_Summer_CMP-01461,2023-06-01,2023-06-28,Google Ads,54648,1958,2192.15,345.93055053755353,Yes,3.58,1.12,17.67,6.34
CMP-01462,Q2_Winter_CMP-01462,2023-12-11,2023-12-12,Instagram,93659,934,1189.11,13.82119914468278,Yes,1.0,1.27,1.48,86.04
CMP-01463,Q1_Launch_CMP-01463,2023-11-13,2023-12-04,TikTok,21576,211,77.08,13.083700374695473,No,0.98,0.37,6.2,
CMP-01464,Q1_Launch_CMP-01464,2023-01-19,2023-01-28,Facebook,90736,3474,6394.13,138.53935834597084,Yes,3.83,1.84,3.99,
CMP-01465,Q1_BlackFriday_CMP-01465,2023-05-12,2023-05-18,Google Ads,45076,337,,65.84265221672266,No,0.75,1.92,19.54,9.83
CMP-01466,Q1_Launch_CMP-01466,2023-10-01,2023-10-18,Google Ads,57565,2385,729.62,130.6167778079999,No,4.14,0.31,5.48,5.59
CMP-01467,Q4_Summer_CMP-01467,2023-07-16,2023-07-17,Email,66170,2701,,130.32191343005866,Yes,4.08,0.66,4.82,13.72
CMP-01468,Q2_Winter_CMP-01468,2023-04-05,2023-04-15,Instagram,58125,660,400.18,84.4577618152153,Yes,1.14,0.61,12.8,4.74
CMP-01469,Q4_Summer_CMP-01469,2023-07-11,2023-07-28,Facebook,90431,2561,4169.87,296.24482970165536,No,2.83,1.63,11.57,14.08
CMP-01470,Q1_Launch_CMP-01470,2023-11-21,2023-11-13,Email,17145,160,210.68,8.46588510694954,No,0.93,1.32,5.29,24.89
CMP-01471,Q1_BlackFriday_CMP-01471,2023-03-23,2023-04-10,Instagram,73122,2447,1471.79,336.1427364693,Yes,3.35,0.6,13.74,4.38
CMP-01472,Q4_Summer_CMP-01472,2023-10-14,2023-09-30,,97508,763,1284.7,21.693135421391087,Yes,0.78,1.68,2.84,59.22
CMP-01473,Q3_Winter_CMP-01473,2023-09-26,2023-10-20,Email,22401,1064,958.57,14.55565038880516,Yes,4.75,,1.37,65.86
CMP-01474,Q2_Winter_CMP-01474,2023-11-20,2023-11-26,Google Ads,25874,371,,9.519418596890388,Yes,1.43,1.08,2.57,42.23
CMP-01475,Q1_BlackFriday_CMP-01475,2023-04-19,2023-04-21,Facebook,47763,1706,1635.07,135.32838676778692,Yes,3.57,0.96,7.93,12.08
CMP-01476,Q2_Winter_CMP-01476,2023-03-20,2023-04-05,Instagram,72611,782,927.72,152.68792599564037,Yes,1.08,1.19,19.53,6.08
CMP-01477,Q3_Winter_CMP-01477,2023-07-19,2023-07-27,,95918,1384,1544.88,157.74407080691034,Yes,1.44,1.12,11.4,
CMP-01478,Q2_Winter_CMP-01478,2023-07-13,2023-08-03,Google Ads,79681,2015,1545.09,309.09688853947165,No,2.53,0.77,15.34,5.0
CMP-01479,Q2_Winter_CMP-01479,2023-06-02,2023-05-30,Email,79504,2447,,173.94302008501887,No,3.08,1.02,7.11,
CMP-01480,Q3_Winter_CMP-01480,2023-10-12,2023-10-29,Email,44400,2217,,325.17719455354273,No,4.99,1.84,14.67,
CMP-01481,Q1_Launch_CMP-01481,2023-10-19,2023-11-17,Instagram,64715,399,460.81,77.23619662965592,No,0.62,1.15,19.36,
CMP-01482,Q1_Launch_CMP-01482,2023-03-31,2023-04-03,Instagram,21513,107,198.79,8.343278899434143,No,0.5,1.86,,
CMP-01483,Q2_Winter_CMP-01483,2023-10-18,2023-10-27,Instagram,46583,967,1194.45,193.22718994386614,Yes,2.08,1.24,19.98,6.18
CMP-01484,Q1_Launch_CMP-01484,2023-03-26,2023-04-20,Facebook,19301,414,665.29,54.357326748150854,No,2.14,1.61,,
CMP-01485,Q3_Winter_CMP-01485,2023-05-29,2023-06-14,Facebook,3198,143,114.27,21.769228676666547,Yes,4.47,0.8,15.22,5.25
CMP-01486,Q1_BlackFriday_CMP-01486,2023-01-10,2023-01-16,Google Ads,85721,3948,6489.34,228.63568920477425,Yes,4.61,,5.79,28.38
CMP-01487,Q1_Launch_CMP-01487,2023-05-05,2023-05-12,Email,80570,3595,2693.9,475.2131498865149,No,4.46,0.75,,5.67
CMP-01488,Q1_Launch_CMP-01488,2023-12-16,2024-01-08,TikTok,51320,587,195.61,62.86252722560007,No,1.14,0.33,10.71,3.11
CMP-01489,Q1_Launch_CMP-01489,2023-06-11,2023-07-06,Instagram,1942,45,25.8,8.627242618832078,Yes,2.32,0.57,19.17,2.99
CMP-01490,Q3_Winter_CMP-01490,2023-09-17,2023-09-28,Instagram,9468,365,,66.3892145642029,No,3.86,0.34,18.19,1.85
CMP-01491,Q2_Winter_CMP-01491,2023-02-09,2023-02-23,Instagram,11621,221,422.11,18.866282428863993,Yes,1.9,1.91,8.54,22.37
CMP-01492,Q3_Winter_CMP-01492,2023-08-20,2023-09-12,Facebook,71843,2503,5005.9,475.3328477390377,Yes,3.48,,18.99,10.53
CMP-01493,Q1_Launch_CMP-01493,2023-05-16,2023-05-22,Email,20747,325,518.63,57.887175132313104,Yes,1.57,1.6,17.81,
CMP-01494,Q2_Winter_CMP-01494,2023-09-29,2023-10-05,Instagram,25392,496,239.97,60.59777405878768,Yes,1.95,0.48,12.22,
CMP-01495,Q3_Winter_CMP-01495,2023-12-05,2023-12-28,Instagram,86179,3767,,96.44425085793766,No,4.37,,2.56,
CMP-01496,Q3_Winter_CMP-01496,2023-07-14,2023-07-20,Google Ads,87701,1427,,57.865057950020464,Yes,1.63,1.56,4.06,38.58
CMP-01497,Q3_Winter_CMP-01497,2023-02-07,2023-03-02,Email,76423,3698,3198.09,,Yes,4.84,0.86,2.46,
CMP-01498,Q4_Summer_CMP-01498,2023-06-23,2023-07-08,TikTok,31302,587,677.32,17.914472076809776,No,1.88,1.15,3.05,
CMP-01499,Q3_Winter_CMP-01499,2023-02-14,2023-03-15,Facebook,58203,352,501.6,68.85857479940904,Yes,0.6,,19.56,7.28
CMP-01500,Q1_BlackFriday_CMP-01500,2023-06-14,2023-06-15,Google Ads,20426,336,114.54,,Yes,1.64,0.34,5.03,6.78
CMP-01501,Q3_Winter_CMP-01501,2023-01-23,2023-02-20,Google Ads,85861,1090,1256.36,153.9759840027513,Yes,1.27,1.15,14.13,8.16
CMP-01502,Q2_Winter_CMP-01502,2023-08-22,2023-08-29,Instagram,8943,248,383.18,32.473211502012106,Yes,2.77,1.55,13.09,11.8
CMP-01503,Q2_Winter_CMP-01503,2023-04-24,2023-04-26,Facebook,74568,751,465.61,97.56806076587512,Yes,1.01,0.62,12.99,4.77
CMP-01504,Q2_Winter_CMP-01504,2023-03-15,2023-04-05,Facebook,51397,1704,1796.77,83.96248690921061,No,3.32,1.05,4.93,21.4
CMP-01505,Q3_Winter_CMP-01505,2023-01-07,2023-01-23,TikTok,75868,3366,4057.04,404.1753209727332,No,4.44,1.21,12.01,
CMP-01506,Q2_Winter_CMP-01506,2023-11-21,2023-12-16,TikTok,45348,966,1497.75,124.47130868282201,Yes,2.13,1.55,12.89,12.03
CMP-01507,Q1_BlackFriday_CMP-01507,2023-11-02,2023-11-06,TikTok,16233,204,395.67,24.148910073164505,Yes,1.26,1.94,11.84,16.38
CMP-01508,Q3_Winter_CMP-01508,2023-10-24,2023-10-27,Facebook,75255,1730,3013.78,78.49160299351558,Yes,2.3,1.74,4.54,38.4
CMP-01509,Q1_BlackFriday_CMP-01509,2023-01-22,2023-02-08,TikTok,63292,2555,,376.5597668499175,No,4.04,1.36,14.74,
CMP-01510,Q4_Summer_CMP-01510,2023-06-03,2023-05-08,Instagram,46727,1477,1908.56,35.3242285286305,Yes,3.16,1.29,2.39,54.03
CMP-01511,Q2_Winter_CMP-01511,2023-12-21,2024-01-02,Facebook,37586,359,475.82,43.9157528062164,Yes,0.96,1.33,,10.83
CMP-01512,Q2_Winter_CMP-01512,2023-07-31,2023-08-24,Email,34709,1012,1241.53,94.00394443412452,No,2.92,1.23,9.29,
CMP-01513,Q4_Summer_CMP-01513,2023-02-16,2023-03-15,Facebook,48372,1260,,72.51861039605784,Yes,2.6,,5.76,6.97
CMP-01514,Q2_Winter_CMP-01514,2023-02-21,2023-03-19,Google Ads,26534,523,777.76,85.46024383952741,Yes,1.97,1.49,16.34,9.1
CMP-01515,Q2_Winter_CMP-01515,2023-04-07,2023-04-22,Instagram,28595,284,-431.05,,Yes,0.99,-1.52,4.34,-34.96
CMP-01516,Q1_BlackFriday_CMP-01516,2023-12-21,2024-01-11,,28175,1384,1620.96,259.1768835827652,Yes,4.91,1.17,,
CMP-01517,Q3_Winter_CMP-01517,2023-03-03,2023-03-19,TikTok,1761,22,39.15,3.9174818183825617,No,1.25,,17.81,
CMP-01518,Q1_Launch_CMP-01518,2023-11-26,2023-12-16,Google Ads,92820,1269,1831.35,99.63126349624982,Yes,1.37,,7.85,18.38
CMP-01519,Q3_Winter_CMP-01519,2023-09-05,2023-09-22,Email,24036,277,,,Yes,1.15,0.92,6.8,13.48
CMP-01520,Q3_Winter_CMP-01520,2023-12-03,2023-12-19,TikTok,16925,518,172.74,18.71143938208835,Yes,3.06,0.33,3.61,9.23
CMP-01521,Q1_BlackFriday_CMP-01521,2023-10-29,2023-11-11,TikTok,15541,387,155.02,71.24758430562377,Yes,2.49,,18.41,2.18
CMP-01522,Q4_Summer_CMP-01522,2023-05-21,2023-05-02,Instagram,98823,1603,1439.59,207.15737824180397,Yes,1.62,0.9,12.92,6.95
CMP-01523,Q1_Launch_CMP-01523,2023-10-30,2023-11-21,TikTok,47935,1165,1264.7,18.68529590744229,No,2.43,1.09,,67.68
CMP-01524,Q1_Launch_CMP-01524,2023-03-03,2023-03-30,TikTok,33028,1166,680.57,,Yes,3.53,0.58,10.71,5.45
CMP-01525,Q4_Summer_CMP-01525,2023-04-17,2023-05-05,Instagram,40687,719,447.12,18.910994262972544,No,1.77,0.62,2.63,
CMP-01526,Q1_Launch_CMP-01526,2023-03-19,2023-03-22,TikTok,9294,429,296.59,51.056418330506126,No,4.62,0.69,11.9,5.81
CMP-01527,Q2_Winter_CMP-01527,2023-02-18,2023-03-08,Instagram,31709,595,967.99,63.48812225616785,Yes,1.88,,10.67,
CMP-01528,Q1_Launch_CMP-01528,2023-02-02,2023-02-12,Email,25244,351,565.53,9.035002774576531,No,1.39,1.61,2.57,62.59
CMP-01529,Q1_Launch_CMP-01529,2023-03-10,2023-03-11,Instagram,80420,3856,3667.04,636.2921049410725,No,4.79,0.95,16.5,
CMP-01530,Q1_BlackFriday_CMP-01530,2023-02-13,2023-02-16,TikTok,6312,261,154.78,15.618308815675709,No,4.13,0.59,5.98,9.91
CMP-01531,Q1_Launch_CMP-01531,2023-05-19,2023-06-06,TikTok,42832,875,427.48,98.7717755427137,Yes,2.04,0.49,11.29,4.33
CMP-01532,Q1_Launch_CMP-01532,2023-01-27,2023-02-24,Facebook,79107,3390,1519.13,,Yes,4.29,0.45,13.14,3.41
CMP-01533,Q1_BlackFriday_CMP-01533,2023-01-23,2023-02-07,Facebook,83442,2365,2282.64,456.0615421620011,Yes,2.83,0.97,19.28,5.01
CMP-01534,Q1_Launch_CMP-01534,2023-12-28,2024-01-10,Facebook,51499,1061,400.44,110.15749916764814,No,2.06,0.38,10.38,3.64
CMP-01535,Q1_BlackFriday_CMP-01535,2023-02-02,2023-02-05,Email,22641,968,839.43,178.3927168391949,Yes,4.28,0.87,18.43,4.71
CMP-01536,Q1_Launch_CMP-01536,2023-01-28,2023-02-17,Google Ads,34030,1321,,102.27564410485894,Yes,3.88,1.93,7.74,24.99
CMP-01537,Q1_Launch_CMP-01537,2023-01-11,2023-01-13,Google Ads,22617,416,483.71,71.9318364184156,Yes,1.84,1.16,17.29,6.72
CMP-01538,Q1_Launch_CMP-01538,2023-03-15,2023-02-18,Email,66373,2143,3639.88,117.45136482780836,Yes,3.23,1.7,5.48,30.99
CMP-01539,Q4_Summer_CMP-01539,2023-07-12,2023-08-05,Google Ads,29617,640,332.64,92.42953911214681,No,2.16,0.52,,3.6
CMP-01540,Q4_Summer_CMP-01540,2023-10-29,2023-11-27,Facebook,63249,319,241.08,,No,0.5,0.76,,
CMP-01541,Q3_Winter_CMP-01541,2023-09-26,2023-10-05,TikTok,65741,3174,6059.58,626.3875281016476,No,4.83,1.91,19.73,
CMP-01542,Q2_Winter_CMP-01542,2023-07-31,2023-08-05,TikTok,94017,2795,2660.95,534.5379251469105,Yes,2.97,0.95,19.12,4.98
CMP-01543,Q1_Launch_CMP-01543,2023-02-01,2023-02-10,Facebook,37349,1192,,112.0725448514157,Yes,3.19,1.4,9.4,14.91
CMP-01544,Q3_Winter_CMP-01544,2023-10-10,2023-11-03,Google Ads,96145,3076,6027.16,336.9686988022238,No,3.2,1.96,10.95,
CMP-01545,Q2_Winter_CMP-01545,2023-01-14,2023-01-21,Google Ads,40371,1202,1486.08,148.5398230561899,Yes,2.98,1.24,12.36,10.0
CMP-01546,Q3_Winter_CMP-01546,2023-08-19,2023-09-14,Email,68228,1231,1008.3,76.63853483581693,No,1.8,0.82,6.23,13.16
CMP-01547,Q4_Summer_CMP-01547,2023-05-30,2023-06-04,Google Ads,66331,3231,3891.13,446.3612693580973,Yes,4.87,1.2,13.81,8.72
CMP-01548,Q1_BlackFriday_CMP-01548,2023-11-18,2023-11-20,Facebook,81872,2699,1060.39,385.21955183826185,Yes,3.3,,14.27,2.75
CMP-01549,Q3_Winter_CMP-01549,2023-04-23,2023-04-30,Google Ads,47176,1660,815.11,182.20912567939192,Yes,3.52,0.49,,4.47
CMP-01550,Q1_Launch_CMP-01550,2023-08-22,2023-09-13,TikTok,79346,2020,630.63,,No,2.55,,3.81,
CMP-01551,Q2_Winter_CMP-01551,2023-06-10,2023-06-28,Email,35855,643,,118.72694676523678,Yes,1.79,1.8,18.46,9.77
CMP-01552,Q1_BlackFriday_CMP-01552,2023-07-10,2023-07-21,Facebook,49384,389,560.62,,No,0.79,1.44,3.19,45.24
CMP-01553,Q3_Winter_CMP-01553,2023-12-09,2023-12-29,Instagram,50217,1042,841.06,134.98350596130706,Yes,2.07,0.81,12.95,6.23
CMP-01554,Q4_Summer_CMP-01554,2023-09-18,2023-10-07,,70593,912,616.49,26.983192020538365,Yes,1.29,0.68,2.96,
CMP-01555,Q3_Winter_CMP-01555,2023-06-01,2023-06-18,Google Ads,62025,2158,3153.33,81.48421275868093,No,3.48,1.46,3.78,38.7
CMP-01556,Q1_Launch_CMP-01556,2023-06-13,2023-06-28,Facebook,8286,369,687.52,5.129941196561201,Yes,4.45,,1.39,
CMP-01557,Q1_BlackFriday_CMP-01557,2023-09-15,2023-09-18,Google Ads,81001,1508,1219.27,119.19107730663875,Yes,1.86,,7.9,
CMP-01558,Q4_Summer_CMP-01558,2023-05-07,2023-05-15,TikTok,75923,1516,1283.52,199.3853618561238,No,2.0,0.85,13.15,6.44
CMP-01559,Q1_BlackFriday_CMP-01559,2023-03-03,2023-03-19,Email,10902,383,671.1,41.7827728699611,No,3.51,1.75,10.91,
CMP-01560,Q1_BlackFriday_CMP-01560,2023-06-20,2023-06-24,Email,96202,1127,2049.72,155.70906845683825,Yes,1.17,1.82,13.82,13.16
CMP-01561,Q2_Winter_CMP-01561,2023-01-25,2023-02-08,TikTok,66241,3101,5748.83,428.7243626365568,No,4.68,1.85,13.83,13.41
CMP-01562,Q2_Winter_CMP-01562,2023-03-03,2023-03-07,Facebook,8954,191,152.49,6.996905169550921,Yes,2.13,0.8,3.66,21.79
CMP-01563,Q2_Winter_CMP-01563,2023-06-03,2023-06-26,Google Ads,49393,471,237.63,9.841124232209324,Yes,0.95,0.5,2.09,24.15
CMP-01564,Q1_BlackFriday_CMP-01564,2023-10-18,2023-10-21,Email,83693,1076,-1127.64,138.6082182304639,Yes,1.29,-1.05,12.88,-8.14
CMP-01565,Q3_Winter_CMP-01565,2023-10-13,2023-10-16,Email,28342,1331,1068.53,178.5038944851891,Yes,4.7,0.8,,5.99
CMP-01566,Q3_Winter_CMP-01566,2023-04-06,2023-04-25,TikTok,93331,1504,2711.07,174.12365935409346,Yes,1.61,1.8,11.58,15.57
CMP-01567,Q1_BlackFriday_CMP-01567,2023-06-04,2023-06-11,TikTok,42131,1466,,83.11467736990666,Yes,3.48,0.36,5.67,6.39
CMP-01568,Q4_Summer_CMP-01568,2023-02-26,2023-03-09,TikTok,23005,276,380.22,45.276527978549396,No,1.2,1.38,16.4,
CMP-01569,Q1_BlackFriday_CMP-01569,2023-10-03,2023-10-13,Instagram,35966,493,907.37,12.019509071534403,Yes,1.37,1.84,2.44,75.49
CMP-01570,Q1_BlackFriday_CMP-01570,2023-03-31,2023-04-07,TikTok,52718,2349,4604.84,305.6970746920159,Yes,4.46,1.96,13.01,15.06
CMP-01571,Q1_Launch_CMP-01571,2023-10-19,2023-11-11,TikTok,68968,804,1129.8,26.43406622093289,No,1.17,1.41,3.29,42.74
CMP-01572,Q2_Winter_CMP-01572,2023-11-04,2023-11-25,Google Ads,92821,542,1037.86,72.81502583829399,No,0.58,1.91,,14.25
CMP-01573,Q4_Summer_CMP-01573,2023-09-09,2023-09-16,TikTok,19892,548,234.88,48.973609028182445,Yes,2.75,,,4.8
CMP-01574,Q1_BlackFriday_CMP-01574,2023-05-01,2023-05-21,,96042,4208,3832.53,616.2177548835272,No,4.38,0.91,14.64,6.22
CMP-01575,Q1_Launch_CMP-01575,2023-12-14,2024-01-04,Instagram,53006,1042,328.04,,No,1.97,0.31,1.99,
CMP-01576,Q2_Winter_CMP-01576,2023-09-08,2023-09-24,Email,13224,142,279.46,16.396139029200327,Yes,1.07,1.97,,17.04
CMP-01577,Q3_Winter_CMP-01577,2023-08-24,2023-09-10,Email,92683,4560,8365.94,171.122211589701,Yes,4.92,1.83,3.75,48.89
CMP-01578,Q4_Summer_CMP-01578,2023-11-09,2023-12-07,,35225,1248,,174.28633248747553,Yes,3.54,0.35,,2.49
CMP-01579,Q1_Launch_CMP-01579,2023-11-18,2023-12-02,Facebook,62248,2694,891.24,88.34048944319777,No,4.33,0.33,3.28,
CMP-01580,Q4_Summer_CMP-01580,2023-01-29,2023-02-10,Google Ads,69965,2717,,65.15591880747267,Yes,3.88,0.92,,38.52
CMP-01581,Q2_Winter_CMP-01581,2023-11-18,2023-12-04,Google Ads,1833,66,48.81,9.602559889222503,Yes,3.6,0.74,14.55,5.08
CMP-01582,Q2_Winter_CMP-01582,2023-10-07,2023-11-01,Email,22545,502,873.37,11.079675919122767,No,2.23,1.74,,78.83
CMP-01583,Q3_Winter_CMP-01583,2023-04-07,2023-03-17,Email,68802,1348,772.17,70.9868330886199,Yes,1.96,0.57,5.27,10.88
CMP-01584,Q3_Winter_CMP-01584,2023-04-23,2023-04-26,Facebook,32814,1222,2009.1,203.70701806863858,Yes,3.72,1.64,,9.86
CMP-01585,Q4_Summer_CMP-01585,2023-10-02,2023-10-16,Facebook,1428,53,65.86,8.68356125962884,No,3.71,1.24,16.38,7.58
CMP-01586,Q2_Winter_CMP-01586,2023-03-21,2023-04-12,TikTok,2817,134,126.17,,No,4.76,,17.23,5.47
CMP-01587,Q1_BlackFriday_CMP-01587,2023-06-15,2023-06-22,Instagram,82731,2530,1385.74,182.05621692529468,No,3.06,0.55,7.2,7.61
CMP-01588,Q1_Launch_CMP-01588,2023-09-09,2023-10-08,Facebook,15775,288,574.87,,Yes,1.83,2.0,11.03,18.09
CMP-01589,Q1_BlackFriday_CMP-01589,2023-08-26,2023-09-19,Instagram,10492,283,382.21,44.412887149632795,Yes,2.7,1.35,15.69,8.61
CMP-01590,Q1_Launch_CMP-01590,2023-11-29,2023-12-24,Facebook,56451,1841,1927.43,66.32616329572583,Yes,3.26,1.05,3.6,29.06
CMP-01591,Q4_Summer_CMP-01591,2023-02-10,2023-02-13,Google Ads,12334,298,277.41,43.99501158119397,Yes,2.42,,14.76,6.31
CMP-01592,Q2_Winter_CMP-01592,2023-04-18,2023-05-05,Email,65482,2658,,75.81255617128848,Yes,4.06,,2.85,
CMP-01593,Q2_Winter_CMP-01593,2023-12-26,2024-01-11,Email,54637,1710,2900.2,313.81512274286933,No,3.13,1.7,18.35,9.24
CMP-01594,Q1_Launch_CMP-01594,2023-07-27,2023-08-15,Instagram,65066,352,591.01,46.14330500637754,No,0.54,1.68,13.11,12.81
CMP-01595,Q4_Summer_CMP-01595,2023-04-01,2023-04-26,Facebook,49414,1514,2040.17,157.04420624833514,Yes,3.06,1.35,10.37,12.99
CMP-01596,Q1_Launch_CMP-01596,2023-04-16,2023-04-27,Facebook,77946,2612,4726.48,266.6814345062202,Yes,3.35,1.81,10.21,17.72
CMP-01597,Q4_Summer_CMP-01597,2023-05-04,2023-05-20,TikTok,64653,2986,2415.0,132.75394422433146,Yes,4.62,0.81,4.45,
CMP-01598,Q4_Summer_CMP-01598,2023-07-22,2023-08-11,TikTok,41820,987,,,Yes,2.36,1.5,7.57,19.76
CMP-01599,Q1_BlackFriday_CMP-01599,2023-04-14,2023-05-06,Google Ads,2030,62,61.23,9.185516777436018,No,3.05,0.99,,6.67
CMP-01600,Q4_Summer_CMP-01600,2023-08-15,2023-09-07,Email,27712,730,963.6,82.32888021250369,Yes,2.63,1.32,11.28,11.7
CMP-01601,Q2_Winter_CMP-01601,2023-06-12,2023-06-22,Google Ads,13577,392,782.77,43.342726081387575,No,2.89,2.0,11.06,18.06
CMP-01602,Q4_Summer_CMP-01602,2023-08-11,2023-09-09,Instagram,2050,16,31.58,0.7535475194185614,Yes,0.78,1.97,4.71,41.91
CMP-01603,Q1_BlackFriday_CMP-01603,2023-02-26,2023-02-27,Facebook,27680,1256,1471.34,177.30806212462716,Yes,4.54,1.17,14.12,8.3
CMP-01604,Q2_Winter_CMP-01604,2023-08-16,2023-08-31,Email,21059,968,1234.75,81.78287508320354,No,4.6,1.28,8.45,15.1
CMP-01605,Q1_Launch_CMP-01605,2023-12-04,2023-12-22,TikTok,8135,241,439.93,10.778275367100479,Yes,2.96,1.83,4.47,
CMP-01606,Q1_BlackFriday_CMP-01606,2023-02-19,2023-02-21,Facebook,31582,948,1872.85,179.47450945753084,Yes,3.0,1.98,18.93,10.44
CMP-01607,Q1_Launch_CMP-01607,2023-04-30,2023-05-14,Email,50903,386,626.72,41.02862009512348,No,0.76,1.62,10.63,15.28
CMP-01608,Q3_Winter_CMP-01608,2023-09-11,2023-09-29,Facebook,18231,581,238.68,64.09996551889002,Yes,3.19,0.41,,3.72
CMP-01609,Q2_Winter_CMP-01609,2023-08-14,2023-09-01,,27674,672,570.18,,Yes,2.43,0.85,19.65,
CMP-01610,Q1_Launch_CMP-01610,2023-09-04,2023-09-08,Email,2504,92,,7.324779277740225,Yes,3.67,1.82,7.96,22.91
CMP-01611,Q4_Summer_CMP-01611,2023-07-24,2023-08-02,Facebook,5515,39,62.64,7.3777832726077515,Yes,0.71,1.61,18.92,8.49
CMP-01612,Q1_Launch_CMP-01612,2023-09-07,2023-09-15,Google Ads,16166,597,932.39,84.7953837135975,Yes,3.69,1.56,14.2,11.0
CMP-01613,Q4_Summer_CMP-01613,2023-08-11,2023-08-30,Google Ads,45565,816,,106.31514690075377,Yes,1.79,1.44,13.03,
CMP-01614,Q4_Summer_CMP-01614,2023-01-28,2023-02-07,,66776,2292,2305.63,125.00448212991145,No,3.43,1.01,5.45,18.44
CMP-01615,Q1_Launch_CMP-01615,2023-10-02,2023-10-19,Google Ads,78939,2622,2584.01,52.00364087014928,No,3.32,0.99,1.98,
CMP-01616,Q1_Launch_CMP-01616,2023-06-13,2023-07-05,Instagram,63143,960,,89.45177210320932,Yes,1.52,1.68,9.32,17.98
CMP-01617,Q4_Summer_CMP-01617,2023-01-19,2023-02-12,TikTok,61876,1535,1227.12,18.316361066053222,Yes,2.48,0.8,1.19,67.0
CMP-01618,Q3_Winter_CMP-01618,2023-05-30,2023-06-05,Instagram,93600,3987,5837.82,93.65653198388857,Yes,4.26,1.46,2.35,
CMP-01619,Q1_Launch_CMP-01619,2023-06-08,2023-07-05,Instagram,25936,836,1282.89,102.9217018744942,Yes,3.22,1.53,12.31,12.46
CMP-01620,Q1_BlackFriday_CMP-01620,2023-02-01,2023-02-06,,79917,646,1121.29,95.3816727913834,Yes,0.81,1.74,14.76,11.76
CMP-01621,Q2_Winter_CMP-01621,2023-12-30,2023-12-31,TikTok,93718,2336,1971.13,97.90218764127108,No,2.49,,4.19,20.13
CMP-01622,Q1_Launch_CMP-01622,2023-03-23,2023-03-25,Email,56991,1084,1692.35,,Yes,1.9,,14.92,10.47
CMP-01623,Q1_BlackFriday_CMP-01623,2023-05-01,2023-05-07,Facebook,84135,2849,1370.46,,Yes,3.39,0.48,19.04,2.53
CMP-01624,Q1_Launch_CMP-01624,2023-06-10,2023-07-06,Email,14186,463,247.57,70.00719982148352,No,3.26,0.53,15.12,3.54
CMP-01625,Q3_Winter_CMP-01625,2023-10-31,2023-11-07,TikTok,87938,480,484.55,76.366028025243,No,0.55,1.01,15.91,6.35
CMP-01626,Q1_BlackFriday_CMP-01626,2023-09-29,2023-10-20,Facebook,56625,1831,721.2,262.08089954956387,Yes,3.23,0.39,14.31,2.75
CMP-01627,Q3_Winter_CMP-01627,2023-10-09,2023-10-22,,22542,858,1639.71,45.21669754293354,Yes,3.81,1.91,5.27,36.26
CMP-01628,Q3_Winter_CMP-01628,2023-03-28,2023-03-30,Google Ads,6628,262,480.3,,No,3.95,1.83,7.86,23.33
CMP-01629,Q2_Winter_CMP-01629,2023-11-05,2023-11-18,Instagram,72132,552,211.52,105.07911905529845,Yes,0.77,0.38,19.04,2.01
CMP-01630,Q1_Launch_CMP-01630,2023-10-30,2023-10-31,Google Ads,43373,809,1395.63,109.72467809349696,No,1.87,1.73,13.56,12.72
CMP-01631,Q3_Winter_CMP-01631,2023-06-19,2023-07-03,TikTok,31345,750,873.81,119.93602458560531,No,2.39,1.17,15.99,7.29
CMP-01632,Q1_BlackFriday_CMP-01632,2023-07-19,2023-08-05,Google Ads,39330,514,767.58,99.74271647637119,Yes,1.31,1.49,19.41,7.7
CMP-01633,Q1_Launch_CMP-01633,2023-01-14,2023-01-30,Instagram,99105,2371,4286.25,127.97001832175079,Yes,2.39,,5.4,33.49
CMP-01634,Q1_BlackFriday_CMP-01634,2023-10-05,2023-10-14,Instagram,43067,353,452.14,,Yes,0.82,1.28,7.11,18.01
CMP-01635,Q3_Winter_CMP-01635,2023-12-17,2024-01-09,Email,8338,84,41.81,11.131034379238613,Yes,1.01,,13.25,3.76
CMP-01636,Q3_Winter_CMP-01636,2023-06-22,2023-07-10,Instagram,28342,994,302.56,14.540152498847622,Yes,3.51,0.3,,20.81
CMP-01637,Q1_Launch_CMP-01637,2023-07-17,2023-07-25,Email,14963,251,287.34,29.75143779804442,No,1.68,1.14,11.85,9.66
CMP-01638,Q4_Summer_CMP-01638,2023-07-02,2023-07-15,Google Ads,68740,2544,4868.44,,No,3.7,1.91,16.37,11.69
CMP-01639,Q1_Launch_CMP-01639,2023-01-31,2023-02-04,Instagram,80139,574,730.96,72.3149543492591,No,0.72,1.27,12.6,10.11
CMP-01640,Q2_Winter_CMP-01640,2023-08-15,2023-09-11,TikTok,84173,2552,2383.56,168.75029549554623,No,3.03,0.93,6.61,14.12
CMP-01641,Q4_Summer_CMP-01641,2023-09-21,2023-10-13,Google Ads,63471,1435,505.93,211.77697832157725,No,2.26,0.35,14.76,2.39
CMP-01642,Q1_Launch_CMP-01642,2023-12-05,2023-12-14,Facebook,76967,3145,5835.44,118.71119732750148,Yes,4.09,,3.77,
CMP-01643,Q3_Winter_CMP-01643,2023-12-06,2023-12-26,Email,42020,1692,1448.63,304.57177490365757,Yes,4.03,0.86,,4.76
CMP-01644,Q3_Winter_CMP-01644,2023-06-29,2023-07-19,Google Ads,62961,1378,,40.201573427012036,No,2.19,1.5,2.92,51.35
CMP-01645,Q1_Launch_CMP-01645,2023-12-17,2024-01-04,Email,11143,367,543.23,63.88123675725458,Yes,3.29,1.48,17.41,
CMP-01646,Q2_Winter_CMP-01646,2023-07-12,2023-07-14,Facebook,54065,823,602.11,86.07246021511467,Yes,1.52,0.73,10.46,7.0
CMP-01647,Q2_Winter_CMP-01647,2023-08-23,2023-09-18,,55968,1741,711.06,159.20214228372996,Yes,3.11,0.41,9.14,
CMP-01648,Q4_Summer_CMP-01648,2023-08-08,2023-09-05,Email,3592,31,29.59,3.2588977697892902,Yes,0.86,0.95,10.51,9.08
CMP-01649,Q1_BlackFriday_CMP-01649,2023-12-31,2024-01-29,TikTok,55056,1352,1134.49,64.9489951385096,Yes,2.46,0.84,4.8,17.47
CMP-01650,Q1_BlackFriday_CMP-01650,2023-09-27,2023-10-26,Email,72431,957,1426.35,92.79096893117907,No,1.32,1.49,9.7,15.37
CMP-01651,Q1_Launch_CMP-01651,2023-02-13,2023-03-12,Instagram,37075,1659,2809.73,284.4301831694162,Yes,4.47,1.69,17.14,9.88
CMP-01652,Q1_Launch_CMP-01652,2023-01-27,2023-02-18,Instagram,54725,1369,928.4,,Yes,2.5,0.68,16.22,4.18
CMP-01653,Q1_Launch_CMP-01653,2023-05-30,2023-06-01,TikTok,28964,914,1094.97,37.45500849976424,Yes,3.16,,4.1,29.23
CMP-01654,Q3_Winter_CMP-01654,2023-07-08,2023-07-22,Instagram,27438,582,214.78,80.28689176151167,Yes,2.12,0.37,13.79,2.68
CMP-01655,Q1_Launch_CMP-01655,2023-09-02,2023-09-10,Instagram,13384,240,159.42,41.4717792824234,Yes,1.79,0.66,,3.84
CMP-01656,Q2_Winter_CMP-01656,2023-06-25,2023-07-02,Facebook,33120,468,746.46,77.57373397998452,Yes,1.41,1.6,16.58,
CMP-01657,Q1_BlackFriday_CMP-01657,2023-07-07,2023-08-01,Google Ads,80417,3701,6102.12,336.310477802145,Yes,4.6,1.65,9.09,18.14
CMP-01658,Q1_BlackFriday_CMP-01658,2023-12-03,2023-12-27,Email,93592,3835,6212.27,73.39284811819729,No,4.1,1.62,1.91,84.64
CMP-01659,Q1_BlackFriday_CMP-01659,2023-05-03,2023-05-19,TikTok,63744,700,379.44,130.84553325550863,Yes,1.1,0.54,18.69,2.9
CMP-01660,Q2_Winter_CMP-01660,2023-06-30,2023-07-22,Facebook,62624,2417,2989.25,205.97232175090548,No,3.86,,,14.51
CMP-01661,Q4_Summer_CMP-01661,2023-07-27,2023-07-23,,61575,1467,1494.29,115.2850181024607,No,2.38,1.02,,12.96
CMP-01662,Q4_Summer_CMP-01662,2023-06-20,2023-06-27,Google Ads,47853,272,540.06,41.97173233066506,Yes,0.57,1.99,15.43,
CMP-01663,Q1_Launch_CMP-01663,2023-12-20,2024-01-14,Email,42592,1225,1729.6,73.68953315576825,Yes,2.88,1.41,,
CMP-01664,Q3_Winter_CMP-01664,2024-01-01,2023-12-18,TikTok,62281,675,1275.64,113.80642114620521,Yes,1.08,1.89,16.86,11.21
CMP-01665,Q3_Winter_CMP-01665,2023-07-07,2023-07-23,Facebook,78547,1134,,27.726069294129747,No,1.44,0.55,2.44,22.38
CMP-01666,Q2_Winter_CMP-01666,2023-06-14,2023-06-28,Facebook,41667,1513,1613.59,228.06224886988917,No,3.63,1.07,15.07,
CMP-01667,Q4_Summer_CMP-01667,2023-08-03,2023-08-09,Google Ads,56806,941,1516.64,182.08350299604146,No,1.66,1.61,19.35,8.33
CMP-01668,Q4_Summer_CMP-01668,2023-03-08,2023-04-01,Facebook,47283,2134,1974.71,425.0844163806024,No,4.51,0.93,19.92,4.65
CMP-01669,Q3_Winter_CMP-01669,2023-06-05,2023-06-27,Instagram,28908,999,1373.89,185.33730558377943,Yes,3.46,,18.55,7.41
CMP-01670,Q4_Summer_CMP-01670,2023-03-21,2023-04-10,Google Ads,29385,1247,1458.86,218.7797367129169,No,4.24,1.17,17.54,
CMP-01671,Q4_Summer_CMP-01671,2023-02-22,2023-03-05,Email,8337,272,540.27,17.132529999975496,Yes,3.26,1.99,6.3,31.53
CMP-01672,Q3_Winter_CMP-01672,2023-02-04,2023-02-23,Facebook,44265,1952,-1162.58,378.0305447321269,No,4.41,,,-3.08
CMP-01673,Q2_Winter_CMP-01673,2023-08-03,2023-08-31,TikTok,71389,1518,2869.16,282.8039355879357,Yes,2.13,1.89,18.63,10.15
CMP-01674,Q4_Summer_CMP-01674,2023-01-01,2023-01-20,Instagram,68716,2041,2005.63,,No,2.97,0.98,11.15,8.81
CMP-01675,Q4_Summer_CMP-01675,2023-08-24,2023-09-08,Email,98573,2781,,240.26381180507636,Yes,2.82,1.1,8.64,
CMP-01676,Q1_BlackFriday_CMP-01676,2023-06-07,2023-06-15,Google Ads,4474,204,244.52,6.2751987479153755,Yes,4.56,1.2,3.08,38.97
CMP-01677,Q1_Launch_CMP-01677,2023-05-14,2023-05-30,Email,76185,946,710.56,115.62056914828793,Yes,1.24,0.75,12.22,
CMP-01678,Q3_Winter_CMP-01678,2023-10-08,2023-10-19,TikTok,79605,2468,4783.52,353.18000618102894,No,3.1,1.94,14.31,13.54
CMP-01679,Q1_BlackFriday_CMP-01679,2023-07-16,2023-08-03,Google Ads,43925,1710,,148.35848987567874,Yes,3.89,,,21.32
CMP-01680,Q3_Winter_CMP-01680,2023-09-25,2023-09-27,Instagram,28656,620,1211.44,54.03028224227665,Yes,2.16,1.95,8.71,22.42
CMP-01681,Q1_BlackFriday_CMP-01681,2023-09-16,2023-09-22,Instagram,36031,1586,3163.69,188.62165447784832,Yes,4.4,1.99,11.89,
CMP-01682,Q1_Launch_CMP-01682,2023-01-12,2023-02-04,TikTok,68414,1490,2143.6,22.765677551317506,Yes,2.18,,1.53,
CMP-01683,Q1_Launch_CMP-01683,2023-03-20,2023-04-01,Facebook,86285,1104,1178.92,211.96195042608448,No,1.28,1.07,19.2,5.56
CMP-01684,Q4_Summer_CMP-01684,2023-07-28,2023-08-10,TikTok,64451,2016,3520.44,131.20548204632357,No,3.13,,6.51,26.83
CMP-01685,Q2_Winter_CMP-01685,2023-12-23,2024-01-08,TikTok,51661,1236,420.82,45.44680997780381,No,2.39,0.34,3.68,9.26
CMP-01686,Q3_Winter_CMP-01686,2023-02-26,2023-03-11,Instagram,65436,371,637.56,4.096877043527278,No,0.57,1.72,1.1,155.62
CMP-01687,Q3_Winter_CMP-01687,2023-02-08,2023-03-03,Email,7524,61,69.87,10.541372964660418,Yes,0.81,1.15,17.28,
CMP-01688,Q3_Winter_CMP-01688,2023-12-10,2023-12-18,Google Ads,61008,841,1214.8,146.34190657902911,Yes,1.38,1.44,17.4,8.3
CMP-01689,Q1_BlackFriday_CMP-01689,2023-12-19,2024-01-10,TikTok,4692,185,173.14,5.20002714879751,Yes,3.94,0.94,2.81,33.3
CMP-01690,Q1_Launch_CMP-01690,2023-03-03,2023-03-10,Facebook,95930,4330,4012.44,168.54891988661657,No,4.51,0.93,3.89,
CMP-01691,Q4_Summer_CMP-01691,2023-05-27,2023-06-07,TikTok,88976,2629,930.45,250.02164353556765,Yes,2.95,0.35,9.51,3.72
CMP-01692,Q1_BlackFriday_CMP-01692,2023-09-04,2023-08-17,TikTok,51080,498,,22.55132885553478,No,0.97,1.02,4.53,22.53
CMP-01693,Q4_Summer_CMP-01693,2023-03-13,2023-04-08,TikTok,37721,1095,1088.65,,Yes,2.9,,14.98,
CMP-01694,Q2_Winter_CMP-01694,2023-04-30,2023-05-07,TikTok,73365,3191,2176.72,67.0989174239224,Yes,4.35,0.68,2.1,32.44
CMP-01695,Q1_Launch_CMP-01695,2023-05-25,2023-06-12,TikTok,63939,2476,1783.83,283.3652583276068,Yes,3.87,0.72,11.44,
CMP-01696,Q4_Summer_CMP-01696,2023-08-23,2023-08-25,Email,70692,1279,,105.81217823832982,No,1.81,1.29,8.27,
CMP-01697,Q3_Winter_CMP-01697,2023-04-23,2023-04-26,TikTok,51800,547,459.6,53.7918880501357,No,1.06,0.84,9.83,8.54
CMP-01698,Q1_Launch_CMP-01698,2023-05-31,2023-06-23,Facebook,24008,1093,1870.59,99.1393106318456,Yes,4.55,1.71,9.07,
CMP-01699,Q2_Winter_CMP-01699,2023-04-16,2023-05-07,Email,7788,338,165.4,13.21588270237546,No,4.34,0.49,,
CMP-01700,Q1_BlackFriday_CMP-01700,2023-10-05,2023-10-16,Email,28688,212,,10.992938228228889,No,0.74,1.28,5.19,
CMP-01701,Q2_Winter_CMP-01701,2023-02-25,2023-03-16,Email,53135,2235,,,Yes,4.21,,,25.64
CMP-01702,Q1_Launch_CMP-01702,2023-03-26,2023-04-07,,42689,400,479.2,12.761703722729415,No,0.94,,3.19,
CMP-01703,Q4_Summer_CMP-01703,2023-04-02,2023-04-11,,50883,399,494.49,78.12420648757794,Yes,0.78,1.24,19.58,6.33
CMP-01704,Q1_Launch_CMP-01704,2023-11-27,2023-12-10,Instagram,28130,1100,1531.1,69.47544364054565,Yes,3.91,1.39,6.32,
CMP-01705,Q1_BlackFriday_CMP-01705,2023-12-11,2023-12-21,Instagram,93818,2733,2805.76,,Yes,2.91,,6.83,
CMP-01706,Q1_BlackFriday_CMP-01706,2023-07-02,2023-07-26,Facebook,36990,874,1019.18,29.84727723155802,Yes,2.36,1.17,,34.15
CMP-01707,Q1_BlackFriday_CMP-01707,2023-02-27,2023-03-11,Google Ads,84692,3868,2350.27,593.6652771687527,Yes,4.57,,15.35,
CMP-01708,Q1_BlackFriday_CMP-01708,2023-10-03,2023-10-13,Google Ads,39400,1685,,312.71432068145833,Yes,4.28,1.09,18.56,5.86
CMP-01709,Q2_Winter_CMP-01709,2023-06-29,2023-07-15,Instagram,44636,338,315.74,54.09777949042033,Yes,0.76,0.93,16.01,5.84
CMP-01710,Q2_Winter_CMP-01710,2023-11-07,2023-11-29,Instagram,60584,1982,,250.51886904832043,No,3.27,1.43,12.64,11.33
CMP-01711,Q2_Winter_CMP-01711,2023-05-12,2023-05-20,Google Ads,26681,1060,1101.55,174.38510920397007,No,3.97,,,6.32
CMP-01712,Q3_Winter_CMP-01712,2023-12-31,2024-01-28,Email,22379,666,1082.17,57.811293675323896,Yes,2.98,1.62,8.68,18.72
CMP-01713,Q1_BlackFriday_CMP-01713,2023-10-22,2023-11-05,Google Ads,38229,1882,1927.52,326.15906422975223,Yes,4.92,1.02,17.33,5.91
CMP-01714,Q4_Summer_CMP-01714,2023-03-23,2023-04-12,Facebook,80527,2888,2023.94,467.04326317346323,Yes,3.59,0.7,16.17,4.33
CMP-01715,Q4_Summer_CMP-01715,2023-09-22,2023-10-20,Google Ads,14887,144,110.2,1.4871862668528886,No,0.97,0.77,1.03,
CMP-01716,Q1_BlackFriday_CMP-01716,2023-04-15,2023-04-28,Facebook,44034,613,231.09,62.94338289384321,No,1.39,0.38,10.27,
CMP-01717,Q4_Summer_CMP-01717,2023-05-08,2023-05-14,Instagram,67375,2841,3459.95,171.2473816018055,Yes,4.22,1.22,6.03,20.2
CMP-01718,Q2_Winter_CMP-01718,2023-04-02,2023-04-24,Email,70771,3528,6041.69,93.08364849959364,No,4.99,1.71,2.64,64.91
CMP-01719,Q3_Winter_CMP-01719,2023-09-07,2023-09-08,Facebook,43723,412,662.29,70.36022622629582,Yes,0.94,1.61,17.08,
CMP-01720,Q3_Winter_CMP-01720,2023-04-06,2023-04-20,TikTok,8603,81,84.58,0.9323456413942722,No,0.94,1.04,1.15,90.72
CMP-01721,Q1_Launch_CMP-01721,2023-08-22,2023-09-20,Google Ads,2082,81,51.31,12.047216296631996,Yes,3.89,,14.87,4.26
CMP-01722,Q4_Summer_CMP-01722,2023-08-01,2023-08-14,TikTok,47261,373,659.44,73.76317561507058,Yes,0.79,,19.78,8.94
CMP-01723,Q4_Summer_CMP-01723,2023-10-02,2023-10-22,Instagram,81099,655,259.73,66.53735996659103,Yes,0.81,0.4,10.16,3.9
CMP-01724,Q4_Summer_CMP-01724,2023-12-29,2024-01-14,Instagram,3307,148,144.84,11.919283701953141,Yes,4.48,0.98,8.05,12.15
CMP-01725,Q3_Winter_CMP-01725,2023-01-04,2023-01-11,Instagram,88804,3642,,455.64428783741226,Yes,4.1,1.76,12.51,
CMP-01726,Q4_Summer_CMP-01726,2024-01-07,2023-12-28,Google Ads,67753,3026,,492.91296902775264,Yes,4.47,,16.29,5.95
CMP-01727,Q1_BlackFriday_CMP-01727,2023-02-09,2023-02-25,Facebook,1301,44,22.02,2.448506667961331,Yes,3.38,0.5,5.56,8.99
CMP-01728,Q3_Winter_CMP-01728,2023-07-12,2023-07-16,Facebook,34699,677,509.18,39.01772483201936,No,1.95,0.75,5.76,13.05
CMP-01729,Q3_Winter_CMP-01729,2023-05-05,2023-05-18,Facebook,22439,1027,1355.69,128.74864588876642,No,4.58,1.32,12.54,10.53
CMP-01730,Q1_Launch_CMP-01730,2023-08-22,2023-09-04,Email,94950,1751,977.87,330.19861760001885,Yes,1.84,0.56,18.86,2.96
CMP-01731,Q4_Summer_CMP-01731,2023-09-21,2023-10-16,Email,55700,969,1369.57,64.63578393694594,No,1.74,1.41,,21.19
CMP-01732,Q1_BlackFriday_CMP-01732,2023-11-10,2023-11-14,Instagram,32750,1470,1535.97,119.92757743986334,Yes,4.49,1.04,8.16,12.81
CMP-01733,Q4_Summer_CMP-01733,2023-05-27,2023-06-21,Facebook,28165,1003,871.07,,No,3.56,0.87,19.87,4.37
CMP-01734,Q1_BlackFriday_CMP-01734,2023-12-07,2023-12-19,Google Ads,56598,2564,1819.35,111.48839000200624,Yes,4.53,0.71,4.35,16.32
CMP-01735,Q1_BlackFriday_CMP-01735,2023-04-28,2023-05-17,Email,1006,12,20.4,0.29548742389569327,No,1.19,1.7,2.46,69.04
CMP-01736,Q4_Summer_CMP-01736,2023-04-02,2023-03-16,Email,26110,1249,1216.96,152.44481573875663,No,4.78,0.97,12.21,7.98
CMP-01737,Q3_Winter_CMP-01737,2023-05-19,2023-05-28,TikTok,16958,552,858.59,8.06512174566087,No,3.26,1.56,,106.46
CMP-01738,Q1_Launch_CMP-01738,2023-07-12,2023-08-08,Facebook,62201,2180,2285.96,96.53544439403157,No,3.5,1.05,4.43,23.68
CMP-01739,Q1_Launch_CMP-01739,2023-09-01,2023-09-08,TikTok,67087,3094,1411.4,396.71188896069856,Yes,4.61,0.46,12.82,3.56
CMP-01740,Q2_Winter_CMP-01740,2023-10-31,2023-11-02,Facebook,46970,1039,1089.77,140.58434302047607,No,2.21,1.05,13.53,7.75
CMP-01741,Q3_Winter_CMP-01741,2023-03-24,2023-04-15,TikTok,14432,539,626.89,57.66264981641273,Yes,3.73,1.16,10.7,
CMP-01742,Q4_Summer_CMP-01742,2023-04-21,2023-05-10,Instagram,37377,1263,1361.93,104.71801865366511,Yes,3.38,1.08,,13.01
CMP-01743,Q3_Winter_CMP-01743,2023-12-09,2024-01-04,Facebook,84368,3412,5758.13,407.65737002899584,No,4.04,1.69,11.95,14.12
CMP-01744,Q1_Launch_CMP-01744,2023-06-10,2023-06-24,Facebook,20767,942,1741.24,124.57318207788906,Yes,4.54,,13.22,13.98
CMP-01745,Q2_Winter_CMP-01745,2023-03-30,2023-03-31,Email,16755,596,975.96,96.94630692206654,Yes,3.56,1.64,16.27,10.07
CMP-01746,Q1_BlackFriday_CMP-01746,2023-12-26,2023-12-27,Facebook,11596,93,120.04,14.937907134468006,No,0.8,1.29,16.06,8.04
CMP-01747,Q1_BlackFriday_CMP-01747,2023-06-13,2023-06-26,Instagram,81763,1082,,,Yes,1.32,1.22,13.63,
CMP-01748,Q2_Winter_CMP-01748,2023-12-26,2024-01-03,Email,12427,595,830.53,107.04299353397806,Yes,4.79,1.4,17.99,7.76
CMP-01749,Q1_BlackFriday_CMP-01749,2023-12-02,2023-12-29,TikTok,58371,2836,2238.49,479.9215276473555,Yes,4.86,0.79,16.92,4.66
CMP-01750,Q4_Summer_CMP-01750,2023-11-27,2023-12-01,Google Ads,99904,4848,8145.32,171.2155630897091,No,4.85,1.68,3.53,47.57
CMP-01751,Q1_BlackFriday_CMP-01751,2023-08-01,2023-08-27,Google Ads,64360,428,751.84,82.07717216842568,No,0.67,1.76,19.18,9.16
CMP-01752,Q1_BlackFriday_CMP-01752,2023-10-19,2023-10-26,Google Ads,41524,922,695.44,165.4354165200533,Yes,2.22,,17.94,4.2
CMP-01753,Q4_Summer_CMP-01753,2023-12-17,2023-12-21,Instagram,21079,825,1513.7,58.5553353878727,No,3.91,1.83,7.1,25.85
CMP-01754,Q2_Winter_CMP-01754,2023-04-09,2023-04-17,Email,692,26,45.31,0.3597110279187749,Yes,3.76,1.74,,
CMP-01755,Q4_Summer_CMP-01755,2023-01-14,2023-01-19,Google Ads,15978,141,144.05,17.59051561365452,No,0.88,,12.48,
CMP-01756,Q2_Winter_CMP-01756,2023-04-28,2023-05-10,Facebook,95316,3090,5701.98,288.2949593782564,No,3.24,1.85,9.33,19.78
CMP-01757,Q2_Winter_CMP-01757,2023-08-21,2023-08-31,TikTok,14788,169,85.3,25.758585535640698,No,1.14,0.5,15.24,3.31
CMP-01758,Q4_Summer_CMP-01758,2023-07-19,2023-08-04,Email,2488,67,23.29,7.348155002194765,Yes,2.69,0.35,10.97,
CMP-01759,Q3_Winter_CMP-01759,2023-01-30,2023-02-15,Email,81699,1289,1148.98,,Yes,1.58,0.89,2.45,
CMP-01760,Q3_Winter_CMP-01760,2023-07-24,2023-07-25,Google Ads,42149,311,,17.568579662854706,Yes,0.74,,5.65,22.33
CMP-01761,Q2_Winter_CMP-01761,2023-03-05,2023-03-09,TikTok,36021,309,277.31,54.90296972218856,Yes,0.86,0.9,17.77,5.05
CMP-01762,Q3_Winter_CMP-01762,2023-07-04,2023-07-09,Facebook,71889,3306,6286.41,,Yes,4.6,1.9,1.72,110.8
CMP-01763,Q1_Launch_CMP-01763,2023-07-30,2023-08-05,TikTok,52541,2023,1482.87,303.3837208266196,Yes,3.85,0.73,15.0,4.89
CMP-01764,Q4_Summer_CMP-01764,2023-08-21,2023-08-24,Email,91502,4294,3341.0,281.1250303972556,Yes,4.69,0.78,6.55,11.88
CMP-01765,Q3_Winter_CMP-01765,2023-05-31,2023-06-10,Google Ads,47026,1229,1695.05,117.98592040845348,No,2.61,,,14.37
CMP-01766,Q1_BlackFriday_CMP-01766,2023-05-30,2023-06-15,Google Ads,71432,1685,,,Yes,2.36,0.31,11.09,2.76
CMP-01767,Q3_Winter_CMP-01767,2023-09-14,2023-09-05,TikTok,87946,1858,2855.46,106.86372075658812,Yes,2.11,1.54,5.75,26.72
CMP-01768,Q3_Winter_CMP-01768,2023-10-01,2023-10-11,Instagram,46630,1526,1437.03,204.28941084274237,No,3.27,0.94,13.39,7.03
CMP-01769,Q1_Launch_CMP-01769,2023-10-22,2023-11-05,Email,28786,599,1175.34,84.9106588417193,Yes,2.08,,14.18,13.84
CMP-01770,Q1_Launch_CMP-01770,2023-05-02,2023-05-18,Instagram,97456,3760,,98.36649227680172,Yes,3.86,1.48,2.62,56.4
CMP-01771,Q2_Winter_CMP-01771,2023-06-04,2023-06-14,Facebook,23065,947,368.16,76.75069875794611,Yes,4.11,0.39,,4.8
CMP-01772,Q2_Winter_CMP-01772,2023-05-01,2023-05-08,Instagram,4412,195,89.21,,Yes,4.42,0.46,15.14,
CMP-01773,Q2_Winter_CMP-01773,2023-07-12,2023-07-24,Facebook,58026,924,415.69,135.93069000570912,Yes,1.59,,14.71,3.06
CMP-01774,Q2_Winter_CMP-01774,2023-02-16,2023-02-17,Google Ads,98695,2834,5439.74,,No,2.87,1.92,11.35,16.92
CMP-01775,Q4_Summer_CMP-01775,2023-06-06,2023-06-21,TikTok,9100,137,,21.61287451996441,Yes,1.51,1.46,15.78,9.27
CMP-01776,Q1_Launch_CMP-01776,2023-03-10,2023-04-07,,85014,568,583.3,17.297036856859886,Yes,0.67,1.03,3.05,33.72
CMP-01777,Q2_Winter_CMP-01777,2023-07-14,2023-07-26,Instagram,83128,3063,1962.83,99.42541154748116,Yes,3.68,0.64,3.25,
CMP-01778,Q1_Launch_CMP-01778,2023-11-07,2023-11-11,Instagram,92928,2760,,372.38738907540323,Yes,2.97,1.79,13.49,13.23
CMP-01779,Q2_Winter_CMP-01779,2023-12-26,2024-01-16,TikTok,42445,1594,1024.38,225.92309523071873,Yes,3.76,0.64,14.17,4.53
CMP-01780,Q4_Summer_CMP-01780,2023-06-12,2023-06-16,TikTok,25849,231,346.81,38.059583680041776,No,0.89,,,
CMP-01781,Q1_Launch_CMP-01781,2023-01-21,2023-01-27,Email,51458,2562,4093.18,113.74513136246608,Yes,4.98,1.6,4.44,35.99
CMP-01782,Q2_Winter_CMP-01782,2023-03-25,2023-03-30,Email,14674,729,583.87,78.86804254780236,Yes,4.97,0.8,,7.4
CMP-01783,Q1_Launch_CMP-01783,2023-02-08,2023-03-06,TikTok,84363,2187,500000.0,296.4652288987486,Yes,2.59,228.62368541380886,13.56,8.55
CMP-01784,Q1_BlackFriday_CMP-01784,2023-10-05,2023-11-03,Instagram,66499,2924,1985.64,153.5185352364476,No,4.4,0.68,5.25,12.93
CMP-01785,Q4_Summer_CMP-01785,2023-12-26,2024-01-12,Facebook,48590,775,731.74,83.86762820871513,No,1.59,0.94,10.82,8.72
CMP-01786,Q2_Winter_CMP-01786,2023-07-22,2023-08-09,Google Ads,51828,1979,3840.7,259.85171362110805,Yes,3.82,1.94,13.13,14.78
CMP-01787,Q1_Launch_CMP-01787,2023-03-06,2023-03-25,,71356,3179,,161.3196494276337,No,4.46,,5.07,29.13
CMP-01788,Q1_Launch_CMP-01788,2023-01-08,2023-01-26,Facebook,52555,2189,3807.21,178.0905779571363,Yes,4.17,1.74,8.14,21.38
CMP-01789,Q3_Winter_CMP-01789,2023-12-23,2024-01-08,Facebook,84060,3490,4254.38,178.35426500098797,No,4.15,1.22,5.11,23.85
CMP-01790,Q4_Summer_CMP-01790,2023-04-26,2023-05-25,Email,92499,2389,,433.74481374918525,Yes,2.58,0.71,18.16,3.89
CMP-01791,Q3_Winter_CMP-01791,2023-02-10,2023-03-04,Instagram,95004,3980,6017.35,218.86731451545978,No,4.19,1.51,5.5,
CMP-01792,Q1_BlackFriday_CMP-01792,2023-03-06,2023-03-09,TikTok,62198,2244,2582.77,73.9590511353044,No,3.61,1.15,3.3,34.92
CMP-01793,Q2_Winter_CMP-01793,2023-04-04,2023-04-16,TikTok,74383,815,489.52,13.593799989978201,No,1.1,0.6,1.67,36.01
CMP-01794,Q2_Winter_CMP-01794,2023-08-28,2023-09-26,Google Ads,31450,318,318.36,5.896088803093777,Yes,1.01,1.0,1.85,54.0
CMP-01795,Q3_Winter_CMP-01795,2023-11-22,2023-12-04,Facebook,4292,170,234.47,,No,3.96,1.38,4.64,
CMP-01796,Q2_Winter_CMP-01796,2023-04-11,2023-04-17,,40306,1335,2069.34,167.62208889300848,No,3.31,1.55,12.56,12.35
CMP-01797,Q1_BlackFriday_CMP-01797,2023-09-08,2023-10-04,Facebook,87235,2475,1765.85,,Yes,2.84,,1.34,
CMP-01798,Q1_Launch_CMP-01798,2023-01-24,2023-02-12,Email,13782,631,1128.98,40.68772913913437,Yes,4.58,1.79,6.45,
CMP-01799,Q3_Winter_CMP-01799,2023-01-21,2023-01-04,TikTok,54798,1900,,39.998247767711064,Yes,3.47,0.95,2.11,
CMP-01800,Q3_Winter_CMP-01800,2023-01-21,2023-02-03,Google Ads,19635,448,340.9,38.83943452786515,Yes,2.28,,8.67,8.78
CMP-01801,Q1_Launch_CMP-01801,2023-12-03,2023-12-07,Facebook,43212,1020,644.34,19.614171791426404,No,2.36,0.63,1.92,32.85
CMP-01802,Q3_Winter_CMP-01802,2023-08-13,2023-08-01,Google Ads,14763,475,,59.580645340029726,Yes,3.22,1.67,12.54,13.29
CMP-01803,Q3_Winter_CMP-01803,2023-10-21,2023-11-03,Facebook,73607,2886,2603.4,406.35056175469686,No,3.92,0.9,14.08,6.41
CMP-01804,Q2_Winter_CMP-01804,2023-01-08,2023-02-05,Email,81123,2465,2765.18,367.1719413756567,No,3.04,1.12,14.9,7.53
CMP-01805,Q1_Launch_CMP-01805,2023-01-09,2023-01-18,TikTok,75956,2118,1437.69,111.46027048322597,No,2.79,0.68,5.26,
CMP-01806,Q1_Launch_CMP-01806,2023-11-06,2023-11-11,Email,70634,2663,,466.0650269477833,No,3.77,1.47,17.5,8.38
CMP-01807,Q1_Launch_CMP-01807,2023-02-07,2023-02-20,TikTok,23897,877,1427.54,123.79271732235229,No,3.67,1.63,14.12,11.53
CMP-01808,Q3_Winter_CMP-01808,2023-02-26,2023-03-27,Instagram,53269,2256,1978.56,46.84255000067501,Yes,4.24,0.88,2.08,42.24
CMP-01809,Q1_Launch_CMP-01809,2023-07-09,2023-07-23,Email,10926,85,162.06,7.968382345528047,Yes,0.78,1.91,9.37,20.34
CMP-01810,Q1_BlackFriday_CMP-01810,2023-08-10,2023-08-21,Facebook,37749,1471,517.85,,No,3.9,0.35,15.59,2.26
CMP-01811,Q2_Winter_CMP-01811,2023-03-25,2023-04-14,Facebook,50828,1429,751.66,98.70081004380957,No,2.81,,6.91,7.62
CMP-01812,Q4_Summer_CMP-01812,2023-06-12,2023-07-01,Instagram,67015,560,728.53,46.19785354373297,Yes,0.84,1.3,,15.77
CMP-01813,Q4_Summer_CMP-01813,2023-09-04,2023-09-13,Google Ads,10131,360,,46.66490178708354,No,3.55,1.49,12.96,11.51
CMP-01814,Q3_Winter_CMP-01814,2023-07-10,2023-06-11,Email,81384,3031,,62.26088404994438,No,3.72,0.73,2.05,35.35
CMP-01815,Q1_BlackFriday_CMP-01815,2023-05-20,2023-06-07,Email,46161,1318,1636.85,255.3198728439927,Yes,2.86,1.24,19.37,
CMP-01816,Q1_Launch_CMP-01816,2023-01-27,2023-01-29,Email,88182,3590,3020.11,154.9134973368954,No,4.07,,4.32,19.5
CMP-01817,Q2_Winter_CMP-01817,2023-06-14,2023-06-26,Google Ads,52983,980,1217.11,14.766326334133671,No,1.85,1.24,1.51,82.42
CMP-01818,Q2_Winter_CMP-01818,2023-10-21,2023-11-17,Google Ads,54928,773,1098.32,8.511786372276523,Yes,1.41,1.42,1.1,129.04
CMP-01819,Q1_Launch_CMP-01819,2023-08-29,2023-08-17,TikTok,69412,1442,,123.88990766233442,Yes,2.08,,8.59,22.74
CMP-01820,Q2_Winter_CMP-01820,2023-11-22,2023-12-09,Facebook,82078,1924,2067.69,342.4876602831791,Yes,2.34,,17.8,
CMP-01821,Q2_Winter_CMP-01821,2023-02-16,2023-03-06,Google Ads,16183,587,822.95,97.29806469517563,No,3.63,1.4,16.58,8.46
CMP-01822,Q4_Summer_CMP-01822,2023-01-05,2023-01-26,TikTok,51374,2211,2835.98,405.25131938671444,Yes,4.3,1.28,,7.0
CMP-01823,Q2_Winter_CMP-01823,2023-07-20,2023-08-15,Google Ads,3480,130,109.18,14.484423287423803,No,3.74,0.84,,
CMP-01824,Q1_BlackFriday_CMP-01824,2023-03-07,2023-03-12,,47715,612,446.89,58.300212075004104,No,1.28,,9.53,
CMP-01825,Q4_Summer_CMP-01825,2023-08-05,2023-08-20,Instagram,81444,1749,-3461.94,,No,2.15,,8.33,-23.76
CMP-01826,Q1_BlackFriday_CMP-01826,2023-11-26,2023-12-12,Google Ads,86610,1050,684.23,,Yes,1.21,0.65,1.88,34.63
CMP-01827,Q1_Launch_CMP-01827,2023-05-04,2023-05-09,Instagram,28710,1030,1692.77,188.29330985891855,Yes,3.59,,18.28,8.99
CMP-01828,Q1_BlackFriday_CMP-01828,2023-07-20,2023-08-09,Instagram,38944,629,345.45,65.58800478894777,Yes,1.62,,10.43,5.27
CMP-01829,Q4_Summer_CMP-01829,2023-09-06,2023-09-10,Email,55380,1586,2644.49,152.99001967306205,Yes,2.86,1.67,,17.29
CMP-01830,Q1_BlackFriday_CMP-01830,2023-02-24,2023-03-10,Facebook,39893,1620,997.5,174.7685525029453,Yes,4.06,0.62,10.79,
CMP-01831,Q2_Winter_CMP-01831,2023-11-24,2023-12-04,Google Ads,18218,641,1246.21,,Yes,3.52,,16.09,12.08
CMP-01832,Q1_BlackFriday_CMP-01832,2023-03-16,2023-03-21,Instagram,30838,568,832.79,29.9049195992383,Yes,1.84,1.47,5.26,27.85
CMP-01833,Q3_Winter_CMP-01833,2023-10-23,2023-11-16,Facebook,40703,813,368.45,117.78835788434581,Yes,2.0,0.45,14.49,3.13
CMP-01834,Q1_Launch_CMP-01834,2023-08-29,2023-09-06,TikTok,52110,1792,2649.29,259.92288136598114,Yes,3.44,,14.5,10.19
CMP-01835,Q3_Winter_CMP-01835,2023-02-21,2023-03-01,TikTok,92112,2738,3631.01,469.3343483863519,Yes,2.97,1.33,,
CMP-01836,Q1_Launch_CMP-01836,2023-09-22,2023-10-17,Instagram,54712,510,445.65,5.941440691149004,No,0.93,0.87,1.16,
CMP-01837,Q1_BlackFriday_CMP-01837,2023-03-13,2023-04-08,Instagram,39018,1729,1285.08,73.26663990817325,Yes,4.43,0.74,4.24,17.54
CMP-01838,Q2_Winter_CMP-01838,2023-08-08,2023-08-07,Google Ads,66215,1858,,184.86895970883958,No,2.81,1.52,9.95,15.3
CMP-01839,Q2_Winter_CMP-01839,2023-12-17,2023-12-26,TikTok,77419,2036,3176.8,349.38304348559836,No,2.63,1.56,17.16,9.09
CMP-01840,Q3_Winter_CMP-01840,2023-12-14,2024-01-04,Email,43334,603,516.32,116.60343883671814,Yes,1.39,0.86,19.34,
CMP-01841,Q3_Winter_CMP-01841,2023-11-15,2023-12-08,Instagram,49181,1080,1932.75,132.86703973221316,No,2.2,1.79,12.3,14.55
CMP-01842,Q1_Launch_CMP-01842,2023-07-29,2023-06-30,TikTok,22174,442,334.6,22.235011256025235,No,1.99,0.76,5.03,15.05
CMP-01843,Q1_BlackFriday_CMP-01843,2023-07-24,2023-08-10,Facebook,86546,1487,,,No,1.72,0.42,,9.29
CMP-01844,Q1_BlackFriday_CMP-01844,2023-04-20,2023-04-21,Instagram,86750,2648,3494.77,348.1970421295709,Yes,3.05,1.32,13.15,10.04
CMP-01845,Q4_Summer_CMP-01845,2023-12-03,2023-12-29,TikTok,17903,461,222.21,,Yes,2.57,0.48,,9.66
CMP-01846,Q4_Summer_CMP-01846,2023-06-24,2023-06-29,Facebook,34927,1572,,180.91615177669027,Yes,4.5,0.77,11.51,
CMP-01847,Q3_Winter_CMP-01847,2023-10-09,2023-10-13,Facebook,27558,1305,1516.69,,No,4.74,,16.86,6.89
CMP-01848,Q3_Winter_CMP-01848,2023-05-12,2023-06-01,Google Ads,92332,1373,1080.29,115.42225169430542,Yes,1.49,0.79,8.41,9.36
CMP-01849,Q3_Winter_CMP-01849,2023-09-28,2023-10-16,Email,6989,66,43.92,5.406041259363792,Yes,0.94,0.67,8.19,
CMP-01850,Q1_Launch_CMP-01850,2023-03-23,2023-03-25,Instagram,21131,852,,14.370397735927021,Yes,4.03,1.5,1.69,88.66
CMP-01851,Q1_Launch_CMP-01851,2023-09-25,2023-09-30,TikTok,31833,1584,1948.16,92.30929472265404,Yes,4.98,1.23,5.83,21.1
CMP-01852,Q2_Winter_CMP-01852,2023-01-17,2023-02-04,Facebook,56225,2466,4260.25,351.79062649001486,Yes,4.39,1.73,14.27,12.11
CMP-01853,Q3_Winter_CMP-01853,2023-02-08,2023-02-16,Instagram,25273,153,197.08,12.00657349599295,Yes,0.61,1.29,7.85,16.41
CMP-01854,Q1_Launch_CMP-01854,2023-05-09,2023-05-29,Email,53893,878,,35.18742538230478,No,1.63,1.12,4.01,27.99
CMP-01855,Q1_Launch_CMP-01855,2023-06-25,2023-07-07,TikTok,74849,520,386.95,15.649852095520318,Yes,0.69,0.74,3.01,24.73
CMP-01856,Q1_BlackFriday_CMP-01856,2023-09-17,2023-10-05,Facebook,82950,3478,5726.57,97.59317334955146,Yes,4.19,,2.81,58.68
CMP-01857,Q2_Winter_CMP-01857,2023-05-12,2023-05-26,Instagram,10356,322,204.37,,Yes,3.11,0.63,13.52,
CMP-01858,Q3_Winter_CMP-01858,2023-01-07,2023-01-18,Facebook,14315,402,286.14,50.812028550251256,Yes,2.81,0.71,,5.63
CMP-01859,Q3_Winter_CMP-01859,2023-04-29,2023-05-09,Email,9971,298,515.75,32.33865933719005,No,2.99,1.73,10.85,
CMP-01860,Q4_Summer_CMP-01860,2023-06-10,2023-07-01,TikTok,91038,1489,2322.88,156.4373554487021,Yes,1.64,1.56,10.51,14.85
CMP-01861,Q4_Summer_CMP-01861,2023-07-18,2023-08-02,TikTok,65383,2097,2813.93,81.98431621642868,No,3.21,1.34,3.91,
CMP-01862,Q2_Winter_CMP-01862,2023-08-24,2023-09-11,TikTok,53377,340,124.5,35.73903291950163,No,0.64,0.37,10.51,3.48
CMP-01863,Q1_BlackFriday_CMP-01863,2023-04-01,2023-04-18,,79195,2698,1393.08,57.705303040886754,No,3.41,,2.14,
CMP-01864,Q2_Winter_CMP-01864,2023-08-11,2023-08-18,TikTok,58817,2237,2572.39,415.88762065990045,No,3.8,1.15,18.59,6.19
CMP-01865,Q1_BlackFriday_CMP-01865,2023-08-19,2023-09-15,Google Ads,23927,844,1324.05,17.745298559858036,Yes,3.53,1.57,2.1,74.61
CMP-01866,Q3_Winter_CMP-01866,2023-10-11,2023-10-28,TikTok,51261,1022,1112.93,,Yes,1.99,1.09,9.05,12.04
CMP-01867,Q1_Launch_CMP-01867,2023-07-10,2023-07-31,Email,70469,2972,978.97,30.042464129743298,Yes,4.22,0.33,1.01,32.59
CMP-01868,Q4_Summer_CMP-01868,2023-10-23,2023-11-18,Email,4084,151,92.6,24.06465608869129,No,3.7,0.61,15.94,3.85
CMP-01869,Q1_Launch_CMP-01869,2023-03-22,2023-04-18,Facebook,60830,655,852.09,27.229879963259158,Yes,1.08,,4.16,31.29
CMP-01870,Q4_Summer_CMP-01870,2023-09-17,2023-10-07,,49960,688,1018.36,127.78502184964977,Yes,1.38,1.48,18.57,
CMP-01871,Q1_Launch_CMP-01871,2023-01-17,2023-02-09,Facebook,7415,249,88.85,4.570587251283307,Yes,3.36,0.36,1.84,19.44
CMP-01872,Q2_Winter_CMP-01872,2023-02-07,2023-02-21,Google Ads,26723,481,179.73,79.82175450584297,No,1.8,0.37,16.59,2.25
CMP-01873,Q4_Summer_CMP-01873,2023-11-12,2023-12-04,Google Ads,45129,468,348.3,63.06823431556211,No,1.04,0.74,,5.52
CMP-01874,Q1_BlackFriday_CMP-01874,2023-06-23,2023-07-03,Google Ads,34597,414,182.97,23.78421164756415,Yes,1.2,0.44,5.74,7.69
CMP-01875,Q3_Winter_CMP-01875,2023-08-15,2023-09-05,Google Ads,29361,365,445.78,,Yes,1.24,1.22,4.85,
CMP-01876,Q1_Launch_CMP-01876,2023-08-09,2023-08-12,Google Ads,65085,1724,879.75,134.40098385697743,Yes,2.65,0.51,7.8,
CMP-01877,Q2_Winter_CMP-01877,2023-09-11,2023-10-08,,40734,1317,1846.4,220.46125345696908,No,3.23,1.4,16.74,8.38
CMP-01878,Q1_BlackFriday_CMP-01878,2023-03-31,2023-04-08,Email,50020,647,1048.97,,Yes,1.29,1.62,17.38,9.33
CMP-01879,Q4_Summer_CMP-01879,2023-03-07,2023-03-27,Instagram,79932,2962,5775.54,128.26710588870006,Yes,3.71,1.95,4.33,45.03
CMP-01880,Q1_Launch_CMP-01880,2023-01-16,2023-01-17,Google Ads,9775,172,328.91,13.270681936883925,No,1.76,1.91,7.72,24.78
CMP-01881,Q2_Winter_CMP-01881,2023-11-12,2023-11-17,Google Ads,36310,690,527.66,38.03512042958549,Yes,1.9,0.76,5.51,
CMP-01882,Q2_Winter_CMP-01882,2023-03-23,2023-04-21,Email,7767,116,40.6,,No,1.49,0.35,3.33,10.51
CMP-01883,Q1_Launch_CMP-01883,2023-07-29,2023-08-23,Facebook,92769,3741,3217.26,496.8997601616867,Yes,4.03,0.86,13.28,6.47
CMP-01884,Q1_BlackFriday_CMP-01884,2023-06-16,2023-06-23,TikTok,18972,914,,69.20396189508305,No,4.82,1.5,7.57,19.87
CMP-01885,Q4_Summer_CMP-01885,2023-03-01,2023-03-05,Google Ads,82076,2229,895.3,117.74239680322526,Yes,2.72,0.4,5.28,
CMP-01886,Q1_Launch_CMP-01886,2023-06-01,2023-06-25,Email,19493,134,,23.388303313360318,Yes,0.69,,,
CMP-01887,Q4_Summer_CMP-01887,2023-01-31,2023-03-01,Facebook,32743,547,441.24,83.24268255880767,No,1.67,0.81,15.22,
CMP-01888,Q3_Winter_CMP-01888,2023-03-06,2023-03-11,Instagram,61025,739,497.26,116.03380288845347,Yes,1.21,0.67,,4.29
CMP-01889,Q1_Launch_CMP-01889,2023-02-20,2023-03-12,,83221,3572,,62.32146742826858,No,4.29,1.5,1.74,86.0
CMP-01890,Q3_Winter_CMP-01890,2023-10-28,2023-11-06,TikTok,18192,160,227.27,29.419965656624413,Yes,0.88,,18.39,
CMP-01891,Q1_Launch_CMP-01891,2023-07-27,2023-08-18,TikTok,21705,1052,1273.28,125.39870698949014,Yes,4.85,1.21,11.92,
CMP-01892,Q2_Winter_CMP-01892,2023-12-04,2023-12-17,TikTok,88231,2777,5132.78,,Yes,3.15,1.85,10.57,17.48
CMP-01893,Q1_BlackFriday_CMP-01893,2023-06-09,2023-06-13,TikTok,32535,920,437.31,11.050318485656147,Yes,2.83,0.48,1.2,39.57
CMP-01894,Q4_Summer_CMP-01894,2023-03-15,2023-03-25,Google Ads,21371,921,510.67,166.291910203864,No,4.31,0.55,18.06,3.07
CMP-01895,Q1_Launch_CMP-01895,2023-08-11,2023-08-27,Email,74480,464,441.67,52.58938387804581,Yes,0.62,,11.33,
CMP-01896,Q1_BlackFriday_CMP-01896,2023-12-06,2023-12-30,TikTok,9567,382,,63.70963829667606,Yes,3.99,1.42,16.68,8.48
CMP-01897,Q3_Winter_CMP-01897,2023-07-14,2023-07-15,Google Ads,86762,889,1149.42,119.6123563783052,Yes,1.02,1.29,13.45,9.61
CMP-01898,Q1_BlackFriday_CMP-01898,2023-01-07,2023-02-04,Google Ads,87636,3753,1598.3,605.6283149862036,Yes,4.28,0.43,16.14,2.64
CMP-01899,Q4_Summer_CMP-01899,2023-04-21,2023-05-10,TikTok,85723,2469,4763.5,349.7512125659507,Yes,2.88,1.93,14.17,13.62
CMP-01900,Q2_Winter_CMP-01900,2023-12-04,2023-12-30,Instagram,29885,231,189.1,42.73110567351944,No,0.77,0.82,18.5,4.43
CMP-01901,Q3_Winter_CMP-01901,2023-07-09,2023-08-05,Instagram,11863,504,458.77,26.632365683875282,Yes,4.25,0.91,5.28,17.23
CMP-01902,Q3_Winter_CMP-01902,2023-12-14,2023-12-19,Google Ads,42829,266,361.81,12.87413929320113,Yes,0.62,1.36,4.84,
CMP-01903,Q4_Summer_CMP-01903,2023-07-05,2023-07-08,Google Ads,33790,379,722.67,55.10011787566824,Yes,1.12,1.91,14.54,13.12
CMP-01904,Q2_Winter_CMP-01904,2023-01-05,2023-01-28,Facebook,95923,3923,,412.95464251090027,Yes,4.09,1.43,10.53,13.55
CMP-01905,Q2_Winter_CMP-01905,2023-11-15,2023-11-21,TikTok,63353,1642,3157.75,203.34630192107275,Yes,2.59,1.92,12.38,
CMP-01906,Q2_Winter_CMP-01906,2023-10-06,2023-10-11,,94464,4218,,610.0201056592332,No,4.47,-0.62,14.46,-4.28
CMP-01907,Q2_Winter_CMP-01907,2023-09-19,2023-10-03,Instagram,75212,2526,3415.09,287.99268886818123,No,3.36,1.35,11.4,11.86
CMP-01908,Q1_Launch_CMP-01908,2023-12-21,2024-01-17,TikTok,71634,2368,4047.13,378.079035973975,No,3.31,1.71,,
CMP-01909,Q1_Launch_CMP-01909,2023-03-13,2023-04-06,,11628,211,245.89,14.893392299468326,Yes,1.81,1.17,7.06,16.51
CMP-01910,Q1_BlackFriday_CMP-01910,2023-11-27,2023-12-13,Instagram,7359,81,74.17,14.029862926999263,No,1.1,0.92,17.32,
CMP-01911,Q1_Launch_CMP-01911,2023-03-26,2023-04-01,Instagram,5125,247,487.6,7.523251242798443,No,4.82,1.97,3.05,64.81
CMP-01912,Q1_BlackFriday_CMP-01912,2023-12-21,2023-12-31,Google Ads,59537,578,311.93,75.40631674987753,No,0.97,0.54,13.05,
CMP-01913,Q1_Launch_CMP-01913,2023-03-11,2023-03-31,Facebook,20570,592,591.16,106.0421044466142,No,2.88,,,
CMP-01914,Q4_Summer_CMP-01914,2023-07-20,2023-07-25,,98913,1707,3046.54,99.02628650235987,Yes,1.73,,5.8,30.76
CMP-01915,Q2_Winter_CMP-01915,2023-10-16,2023-11-01,Google Ads,13699,231,422.92,,No,1.69,1.83,7.21,25.39
CMP-01916,Q3_Winter_CMP-01916,2023-01-29,2023-01-30,TikTok,94718,3007,5913.72,204.57805130625653,No,3.17,1.97,6.8,28.91
CMP-01917,Q2_Winter_CMP-01917,2023-01-25,2023-02-04,Instagram,66930,2737,4938.21,320.80405803437077,No,4.09,1.8,11.72,
CMP-01918,Q3_Winter_CMP-01918,2023-11-07,2023-11-15,Instagram,11047,441,170.5,39.00452942620379,No,3.99,0.39,8.84,
CMP-01919,Q3_Winter_CMP-01919,2023-01-23,2023-02-12,Email,6316,278,522.81,8.482409433430744,No,4.4,,3.05,61.63
CMP-01920,Q3_Winter_CMP-01920,2023-08-13,2023-09-09,Instagram,39898,725,745.22,130.02481479695237,Yes,1.82,1.03,,
CMP-01921,Q2_Winter_CMP-01921,2023-12-09,2023-12-14,Facebook,34226,888,1250.08,43.413040871651496,No,2.59,1.41,4.89,28.8
CMP-01922,Q3_Winter_CMP-01922,2023-09-06,2023-08-13,Facebook,31895,172,166.89,19.173734759105148,No,0.54,,11.15,8.7
CMP-01923,Q1_BlackFriday_CMP-01923,2023-06-25,2023-07-15,Instagram,53091,2049,3448.95,252.05349403733524,No,3.86,1.68,,13.68
CMP-01924,Q3_Winter_CMP-01924,2023-07-01,2023-06-02,Email,13407,249,318.49,4.417969722965197,No,1.86,1.28,1.77,72.09
CMP-01925,Q2_Winter_CMP-01925,2023-08-21,2023-09-17,Google Ads,13380,404,701.92,11.386878270746928,Yes,3.02,1.74,2.82,61.64
CMP-01926,Q1_Launch_CMP-01926,2023-07-28,2023-07-31,Email,69632,878,552.62,170.87727749385783,Yes,1.26,0.63,19.46,3.23
CMP-01927,Q2_Winter_CMP-01927,2023-07-03,2023-07-25,Facebook,99035,4146,2547.6,564.9229508292746,Yes,4.19,0.61,13.63,4.51
CMP-01928,Q1_Launch_CMP-01928,2023-02-26,2023-03-16,Email,27747,1159,,18.981387637393674,No,4.18,1.05,1.64,
CMP-01929,Q1_Launch_CMP-01929,2023-09-03,2023-08-30,Instagram,93226,4147,1277.6,667.2433919291174,No,4.45,0.31,16.09,1.91
CMP-01930,Q1_BlackFriday_CMP-01930,2023-09-28,2023-10-06,TikTok,34814,246,363.55,26.22929090562967,No,0.71,1.48,10.66,13.86
CMP-01931,Q1_Launch_CMP-01931,2023-09-16,2023-10-13,Email,33920,1684,1352.74,40.90085508222905,No,4.96,0.8,2.43,33.07
CMP-01932,Q3_Winter_CMP-01932,2023-01-28,2023-02-13,Email,9490,153,,21.31946349024929,Yes,1.61,,13.93,8.95
CMP-01933,Q1_BlackFriday_CMP-01933,2023-09-14,2023-09-24,Instagram,42620,806,337.72,,Yes,1.89,0.42,,
CMP-01934,Q1_BlackFriday_CMP-01934,2023-09-24,2023-10-04,TikTok,50047,811,478.57,39.68609215318216,No,1.62,0.59,4.89,12.06
CMP-01935,Q1_Launch_CMP-01935,2023-03-08,2023-04-02,Google Ads,66545,1133,,200.2729681125602,No,1.7,,17.68,7.69
CMP-01936,Q1_Launch_CMP-01936,2023-11-06,2023-11-15,Google Ads,16237,484,396.7,,No,2.98,0.82,6.54,
CMP-01937,Q2_Winter_CMP-01937,2023-07-11,2023-07-16,Google Ads,19274,304,,19.475991263783058,No,1.58,0.67,6.41,
CMP-01938,Q3_Winter_CMP-01938,2023-06-22,2023-07-09,Facebook,43492,988,680.77,61.08505677404656,No,2.27,,6.18,11.14
CMP-01939,Q1_BlackFriday_CMP-01939,2023-09-21,2023-10-20,Email,7430,256,170.29,39.889048997611454,Yes,3.45,0.67,15.58,
CMP-01940,Q2_Winter_CMP-01940,2023-07-06,2023-07-12,Google Ads,14762,629,854.71,90.67824229717739,No,4.26,1.36,14.42,9.43
CMP-01941,Q1_Launch_CMP-01941,2023-07-18,2023-07-26,Email,63092,2282,1335.14,414.4059063062376,Yes,3.62,0.59,18.16,3.22
CMP-01942,Q2_Winter_CMP-01942,2023-04-24,2023-05-08,Facebook,95408,3028,2775.47,162.22343981122782,Yes,3.17,0.92,5.36,17.11
CMP-01943,Q1_BlackFriday_CMP-01943,2023-12-05,2023-12-11,Google Ads,57509,669,983.03,106.64480373944639,Yes,1.16,1.47,15.94,
CMP-01944,Q1_Launch_CMP-01944,2023-12-20,2024-01-08,Google Ads,14925,622,729.76,73.94252623409038,Yes,4.17,1.17,11.89,9.87
CMP-01945,Q2_Winter_CMP-01945,2023-02-17,2023-02-25,Facebook,99103,661,869.46,45.37707217627855,Yes,0.67,1.32,6.86,19.16
CMP-01946,Q1_Launch_CMP-01946,2023-09-25,2023-09-29,Instagram,52427,885,,14.81161236436327,No,1.69,0.73,1.67,43.41
CMP-01947,Q1_Launch_CMP-01947,2023-01-09,2023-01-17,TikTok,71826,543,1023.89,89.92081871813903,Yes,0.76,1.89,16.56,
CMP-01948,Q1_BlackFriday_CMP-01948,2023-05-15,2023-06-11,Instagram,20099,704,706.53,39.28570665362655,Yes,3.5,1.0,5.58,17.98
CMP-01949,Q1_Launch_CMP-01949,2023-12-21,2024-01-18,Instagram,58054,1252,986.37,162.79903345480506,Yes,2.16,0.79,13.0,
CMP-01950,Q2_Winter_CMP-01950,2023-03-05,2023-03-20,Facebook,8097,278,510.78,31.771204382679297,Yes,3.43,1.84,,16.08
CMP-01951,Q1_BlackFriday_CMP-01951,2023-05-18,2023-05-30,Instagram,62761,1293,1828.29,14.023118159355397,No,2.06,1.41,1.08,130.38
CMP-01952,Q4_Summer_CMP-01952,2023-03-22,2023-04-15,Facebook,20629,526,706.79,104.63470237617987,Yes,2.55,1.34,19.89,6.75
CMP-01953,Q1_Launch_CMP-01953,2023-09-29,2023-09-23,Instagram,90996,2330,4211.36,,Yes,2.56,,16.47,
CMP-01954,Q3_Winter_CMP-01954,2023-06-19,2023-07-08,Email,5950,41,16.38,4.1996111982597535,No,0.69,0.4,10.24,3.9
CMP-01955,Q1_BlackFriday_CMP-01955,2023-08-05,2023-08-25,Instagram,65436,1594,,221.98818739160814,No,2.44,,,
CMP-01956,Q3_Winter_CMP-01956,2023-12-11,2024-01-01,TikTok,14370,486,,48.86871180679194,No,3.38,1.45,,14.44
CMP-01957,Q3_Winter_CMP-01957,2023-07-10,2023-07-17,Facebook,68868,2036,1856.81,308.3957531814642,No,2.96,0.91,15.15,
CMP-01958,Q3_Winter_CMP-01958,2023-09-25,2023-10-16,Facebook,49601,416,306.09,14.777328261525389,Yes,0.84,0.74,3.55,20.71
CMP-01959,Q4_Summer_CMP-01959,2023-02-05,2023-02-23,Facebook,96764,3392,1621.95,,No,3.51,0.48,,5.04
CMP-01960,Q1_Launch_CMP-01960,2023-03-20,2023-04-15,Instagram,65355,1235,2346.29,91.08379860014661,Yes,1.89,1.9,7.38,
CMP-01961,Q1_BlackFriday_CMP-01961,2023-12-12,2023-12-18,TikTok,37513,211,114.2,20.537578711675856,Yes,0.56,,9.73,
CMP-01962,Q1_BlackFriday_CMP-01962,2023-11-10,2023-11-28,Google Ads,9190,110,81.52,10.51487844478161,Yes,1.2,,9.56,7.75
CMP-01963,Q1_Launch_CMP-01963,2023-08-28,2023-09-22,Facebook,59777,1637,2414.38,60.87651119982281,No,2.74,1.47,3.72,39.66
CMP-01964,Q1_BlackFriday_CMP-01964,2023-05-19,2023-05-28,Facebook,44381,841,1267.6,164.44310871359576,Yes,1.89,1.51,19.55,7.71
CMP-01965,Q1_BlackFriday_CMP-01965,2023-03-14,2023-04-05,Google Ads,5724,207,118.67,2.6793059758570763,Yes,3.62,0.57,1.29,
CMP-01966,Q4_Summer_CMP-01966,2023-11-07,2023-11-10,Email,58334,923,,10.996492332627234,Yes,1.58,1.68,1.19,141.35
CMP-01967,Q2_Winter_CMP-01967,2023-10-14,2023-11-04,Instagram,21394,850,992.37,68.81077294318573,No,3.97,1.17,8.1,
CMP-01968,Q3_Winter_CMP-01968,2023-03-30,2023-04-17,Email,23805,425,740.51,54.34539020975552,Yes,1.79,1.74,12.79,13.63
CMP-01969,Q1_BlackFriday_CMP-01969,2023-08-04,2023-08-10,Instagram,1391,45,20.18,1.9860350892676364,Yes,3.24,0.45,4.41,
CMP-01970,Q1_Launch_CMP-01970,2023-08-14,2023-08-16,Google Ads,37521,1537,573.01,171.07864496013215,Yes,4.1,,11.13,3.35
CMP-01971,Q1_BlackFriday_CMP-01971,2023-06-24,2023-07-16,Google Ads,22217,496,685.91,73.07403026087826,No,2.23,1.38,,9.39
CMP-01972,Q1_BlackFriday_CMP-01972,2023-12-05,2023-12-12,Email,7647,54,29.97,1.5050618487519505,Yes,0.71,0.55,2.79,19.91
CMP-01973,Q4_Summer_CMP-01973,2023-02-15,2023-03-02,Facebook,43712,1271,1515.56,,No,2.91,1.19,19.7,6.05
CMP-01974,Q2_Winter_CMP-01974,2023-04-05,2023-04-07,Instagram,22403,1115,361.24,82.4800322235695,Yes,4.98,0.32,7.4,4.38
CMP-01975,Q3_Winter_CMP-01975,2023-02-04,2023-03-04,Email,13848,673,,88.87565896097553,Yes,4.86,1.63,13.21,
CMP-01976,Q1_Launch_CMP-01976,2023-09-10,2023-09-26,Facebook,46941,701,1282.27,21.756777911870017,Yes,1.49,1.83,3.1,58.94
CMP-01977,Q1_BlackFriday_CMP-01977,2023-08-24,2023-09-21,Facebook,6792,264,455.69,38.22783725826174,Yes,3.89,1.73,14.48,11.92
CMP-01978,Q2_Winter_CMP-01978,2023-12-27,2024-01-01,Email,99048,2032,3920.13,344.80338647388464,Yes,2.05,1.93,16.97,11.37
CMP-01979,Q1_Launch_CMP-01979,2023-07-17,2023-07-23,Email,47360,578,1060.78,17.342414330748948,Yes,1.22,1.84,3.0,
CMP-01980,Q4_Summer_CMP-01980,2023-02-24,2023-03-14,Google Ads,99628,3483,,118.12245966747872,No,3.5,1.05,3.39,31.1
CMP-01981,Q4_Summer_CMP-01981,2023-06-14,2023-07-02,Email,88195,2428,2372.62,153.9327932051159,Yes,2.75,0.98,6.34,15.41
CMP-01982,Q4_Summer_CMP-01982,2023-02-02,2023-02-25,TikTok,97972,2867,5228.01,35.171796709403125,Yes,2.93,1.82,1.23,148.64
CMP-01983,Q1_Launch_CMP-01983,2023-09-02,2023-09-29,Email,54501,2301,4316.21,454.10176537129354,Yes,4.22,1.88,19.73,9.5
CMP-01984,Q4_Summer_CMP-01984,2023-09-04,2023-09-28,TikTok,42597,858,1676.38,106.12857189878095,Yes,2.01,1.95,12.37,15.8
CMP-01985,Q4_Summer_CMP-01985,2023-11-10,2023-11-15,,72129,2525,4055.5,316.74103862001095,Yes,3.5,1.61,12.54,12.8
CMP-01986,Q4_Summer_CMP-01986,2023-05-05,2023-05-14,Google Ads,8527,183,117.74,35.17311463878739,Yes,2.15,0.64,,3.35
CMP-01987,Q1_BlackFriday_CMP-01987,2023-04-24,2023-05-21,Facebook,84099,582,,97.82579494264226,Yes,0.69,1.91,,11.34
CMP-01988,Q2_Winter_CMP-01988,2023-01-27,2023-02-12,Facebook,32695,719,1373.39,118.42372679958622,Yes,2.2,1.91,16.47,
CMP-01989,Q2_Winter_CMP-01989,2023-06-01,2023-06-27,Facebook,1237,59,84.51,4.395821566597223,No,4.77,1.43,,
CMP-01990,Q1_BlackFriday_CMP-01990,2023-06-23,2023-07-10,Instagram,24152,645,1133.51,47.487508869092295,No,2.67,1.76,7.36,23.87
CMP-01991,Q3_Winter_CMP-01991,2023-10-03,2023-10-05,TikTok,24610,242,303.47,15.834111392185502,No,0.98,1.25,6.54,
CMP-01992,Q3_Winter_CMP-01992,2023-10-03,2023-10-17,Google Ads,1905,68,129.54,5.159309242150052,Yes,3.57,1.9,7.59,25.11
CMP-01993,Q2_Winter_CMP-01993,2023-02-21,2023-03-17,Instagram,67023,3240,1489.4,259.869593493124,No,4.83,0.46,8.02,5.73
CMP-01994,Q4_Summer_CMP-01994,2023-04-15,2023-05-04,Instagram,9975,457,808.31,16.72652031418492,Yes,4.58,1.77,3.66,48.33
CMP-01995,Q4_Summer_CMP-01995,2023-07-06,2023-07-10,Google Ads,84746,2604,1026.9,202.14876455048778,Yes,3.07,0.39,7.76,5.08
CMP-01996,Q1_Launch_CMP-01996,2023-05-03,2023-05-10,Google Ads,45592,999,875.61,94.78705475980173,No,2.19,0.88,9.49,9.24
CMP-01997,Q3_Winter_CMP-01997,2023-01-10,2023-02-04,TikTok,71964,2240,1187.32,154.0582273705779,Yes,3.11,0.53,6.88,7.71
CMP-01998,Q1_BlackFriday_CMP-01998,2023-11-05,2023-12-04,Instagram,34296,1430,1593.78,59.22477124840574,Yes,4.17,1.11,4.14,26.91
CMP-01999,Q2_Winter_CMP-01999,2023-10-16,2023-09-24,Email,13633,596,414.11,48.244993489733076,No,4.37,0.69,8.09,8.58
CMP-02000,Q2_Winter_CMP-02000,2023-07-09,2023-07-12,TikTok,18445,771,1479.18,78.15817969847568,No,4.18,1.92,10.14,
